PassengerId,Survived,Pclass,Name,Sex,Age,SibSp,Parch,Ticket,Fare,Cabin,Embarked,Age_Missing,Deck
1,1,2,"Anderson, Miss. Ruth",female,32.14435698506614,0,0,394467,26.849,,S,0,U
2,0,3,"Wilson, Mrs. Mary",female,28.607194141219725,0,0,775550,4.3433,,S,1,U
3,1,3,"Jackson, Mr. John",male,28.607194141219725,1,1,914401,6.8156,,S,1,U
4,0,3,"Jones, Mrs. Ruth",female,28.607194141219725,0,0,355600,18.8093,,S,1,U
5,0,1,"Anderson, Mr. William",male,28.607194141219725,1,1,507721,85.8484,,S,1,U
6,1,1,"Williams, Mr. George",male,33.87412161623643,0,0,258924,90.0879,,C,0,U
7,1,1,"Wilson, Mrs. Florence",female,26.72617619263101,1,0,713708,85.6643,,C,0,U
8,0,3,"Anderson, Col. William",male,19.390013255917733,0,0,815586,20.8264,,S,0,U
9,1,3,"Davis, Mr. William",male,30.34800505251777,1,0,902135,16.4857,,C,0,U
10,0,3,"Anderson, Mr. George",male,25.79363183655148,1,0,554517,16.5906,,S,0,U
11,0,1,"Wilson, Mr. Henry",male,38.517708553189166,0,1,324731,145.1099,,S,0,U
12,0,3,"Harris, Mr. John",male,61.17037861808818,0,0,784758,25.8526,,C,0,U
13,1,3,"Wilson, Mr. Joseph",male,31.387936751853744,1,0,321857,30.9487,D5,S,0,D
14,0,1,"Moore, Mr. James",male,18.21603275546787,0,0,692357,55.0493,,Q,0,U
15,1,1,"Williams, Mrs. Florence",female,21.66023833437301,0,0,555389,166.79919000000012,D25,S,0,D
16,0,1,"White, Mrs. Ethel",female,33.97714759265407,0,0,574679,29.1614,,S,0,U
17,1,2,"Garcia, Mr. Charles",male,28.607194141219725,1,3,216935,39.3525,C39,S,1,C
18,0,3,"Thomas, Mr. James",male,28.607194141219725,0,0,82723,7.9283,,S,1,U
19,0,2,"Jackson, Mr. James",male,26.039585912725244,0,0,236293,19.3106,,S,0,U
20,0,2,"Anderson, Mr. John",male,21.33298168875908,0,0,200477,20.1858,B59,S,0,B
21,0,3,"Wilson, Mr. Joseph",male,29.55882745807768,1,0,176020,6.0642,B56,C,0,B
22,1,1,"Wilson, Mr. Arthur",male,33.846386638448834,2,0,896696,88.3359,,S,0,U
23,0,2,"Garcia, Rev. Charles",male,44.96543349385193,5,0,980535,11.8466,,S,0,U
24,0,2,"Thomas, Mr. John",male,31.27663583381295,0,0,310065,7.6506,,S,0,U
25,0,3,"Williams, Mr. Robert",male,28.607194141219725,1,0,475787,12.6902,,C,1,U
26,0,3,"Davis, Mr. Joseph",male,44.205035410151766,0,0,480223,25.719,,S,0,U
27,1,1,"Harris, Mrs. Alice",female,28.607194141219725,0,0,824892,71.299,B12,S,1,B
28,1,3,"Wilson, Miss. Margaret",female,25.921091703139275,0,3,521174,20.5282,E39,Q,0,E
29,1,3,"Thomas, Mr. Henry",male,46.88338425066359,0,0,424287,6.2347,F74,S,0,F
30,1,1,"Anderson, Mrs. Anna",female,5.794447870094313,2,0,731478,19.8262,,S,0,U
31,0,3,"Johnson, Mr. Charles",male,18.907822509142516,0,0,189354,16.6309,,C,0,U
32,1,1,"Garcia, Mrs. Emma",female,39.61218016877267,1,0,626013,166.79919000000012,,C,0,U
33,1,1,"Thomas, Miss. Alice",female,24.67927721598228,1,6,330589,94.4477,,S,0,U
34,0,3,"Smith, Mr. Henry",male,34.572739045911874,1,1,746427,19.6132,,S,0,U
35,0,3,"Martinez, Mr. Robert",male,54.24869007915315,0,0,354352,24.961,,S,0,U
36,0,3,"Thomas, Mr. George",male,39.84034518033171,0,0,458032,12.7078,,S,0,U
37,0,2,"Harris, Mr. Arthur",male,44.50014499616246,1,0,378427,18.4794,C55,Q,0,C
38,1,1,"Martin, Mr. George",male,28.607194141219725,0,0,95779,107.6044,D33,S,1,D
39,0,3,"Williams, Major. Edward",male,29.99833192017269,0,0,13060,18.2002,,S,0,U
40,0,2,"Williams, Mr. Arthur",male,28.607194141219725,0,2,660094,6.0102,,S,1,U
41,1,1,"Johnson, Mrs. Rose",female,23.17342873601471,0,2,285875,98.7863,,S,0,U
42,1,3,"White, Miss. Anna",female,6.590769842193001,1,5,349974,12.9945,,C,0,U
43,1,1,"Moore, Mr. Joseph",male,23.56631482373541,0,1,650159,44.5241,A83,S,0,A
44,1,3,"Brown, Mr. Arthur",male,5.666437046364589,0,0,555007,12.4415,,Q,0,U
45,0,2,"Thomas, Mr. Joseph",male,44.63351420822309,0,0,974546,8.3468,,S,0,U
46,0,3,"Johnson, Mr. Charles",male,34.896773288484816,0,0,583404,0.9126,F28,S,0,F
47,0,2,"Anderson, Miss. Margaret",female,29.941630619055207,0,0,524583,20.6685,,C,0,U
48,0,3,"Miller, Dr. George",male,26.63786062769512,0,0,560613,20.2166,A19,C,0,A
49,0,3,"Brown, Mr. Charles",male,61.17037861808818,0,1,950101,10.2217,,C,0,U
50,1,1,"Taylor, Dr. William",male,28.607194141219725,0,1,994943,35.9635,,C,1,U
51,1,3,"Jones, Mr. Henry",male,18.053753704431337,0,2,24551,6.5576,,S,0,U
52,1,3,"Wilson, Mrs. Rose",female,20.450014612244008,0,1,365431,17.3916,,S,0,U
53,1,3,"Miller, Mrs. Ethel",female,24.644950771767338,0,6,296422,26.3391,,Q,0,U
54,0,3,"Jackson, Mr. Robert",male,61.17037861808818,0,0,494405,19.1636,,S,0,U
55,0,3,"Davis, Mr. William",male,28.607194141219725,2,1,25141,23.4063,D42,S,1,D
56,0,3,"Jones, Mr. Robert",male,12.21427758428798,0,0,340057,4.619,,S,0,U
57,1,1,"Brown, Mrs. Ruth",female,29.90461961245976,0,0,830047,80.3035,,S,0,U
58,1,1,"Johnson, Miss. Emma",female,23.833986853124628,0,4,656346,134.9345,,C,0,U
59,1,1,"Martinez, Mr. William",male,18.272067953470422,3,2,728111,14.0411,D3,S,0,D
60,0,2,"Jackson, Mr. Arthur",male,14.888505600609044,0,0,646972,13.4163,,C,0,U
61,1,2,"Miller, Mrs. Florence",female,6.646806402769425,1,0,299596,29.4202,,S,0,U
62,0,2,"Martinez, Mr. Charles",male,33.3436114066098,0,0,425941,22.5843,,S,0,U
63,0,3,"Thompson, Mrs. Anna",female,39.74470521234145,2,0,584679,5.2791,,S,0,U
64,1,2,"Thompson, Mr. Joseph",male,28.607194141219725,1,2,654576,3.6918,,S,1,U
65,0,2,"Jackson, Mr. Henry",male,18.769835718864982,0,0,740420,33.3732,,S,0,U
66,0,3,"Brown, Mr. Henry",male,49.12616479583107,0,0,123535,3.4271,,S,0,U
67,0,1,"Harris, Mr. Robert",male,28.607194141219725,0,0,152770,115.6198,,S,1,U
68,0,3,"Moore, Col. George",male,60.296103234772986,0,0,249947,8.7356,,S,0,U
69,1,1,"Taylor, Mrs. Mary",female,27.472841997430947,0,0,620999,136.3534,,S,0,U
70,0,3,"Jackson, Mr. William",male,17.116660583130717,0,2,874282,4.6628,E55,S,0,E
71,1,3,"Martinez, Mr. Arthur",male,1.644146833513286,0,0,906165,33.9184,,S,0,U
72,1,1,"Martinez, Mr. George",male,41.32494611190616,0,0,274509,104.1149,,S,0,U
73,0,1,"Thompson, Mr. George",male,24.76147613613743,0,0,762913,112.3535,,C,0,U
74,0,3,"Brown, Mr. Charles",male,27.8220802766943,0,0,894094,6.8156,A63,S,0,A
75,0,3,"Davis, Dr. William",male,40.7267441284375,0,1,577660,11.933,,C,0,U
76,1,3,"Smith, Miss. Florence",female,28.607194141219725,5,0,578422,12.1404,A65,C,1,A
77,0,3,"Miller, Mr. Joseph",male,47.13194476937007,0,0,834255,27.3685,,S,0,U
78,0,1,"Brown, Mr. Edward",male,13.552221682638889,1,0,605446,104.0288,,C,0,U
79,0,2,"Thomas, Mr. Henry",male,49.96252649474424,0,0,892508,25.4383,E26,S,0,E
80,1,1,"Davis, Mrs. Ruth",female,26.897344229423343,0,0,771447,110.6324,C6,C,0,C
81,1,3,"Taylor, Mrs. Helen",female,47.63143883909534,0,0,143021,18.0289,D75,C,0,D
82,1,3,"Taylor, Miss. Helen",female,32.62061501321874,0,1,583684,1.8844,,S,0,U
83,0,2,"Thomas, Mr. Charles",male,33.05235128985591,1,0,380480,40.4927,C3,S,0,C
84,1,1,"Anderson, Mr. Arthur",male,16.29660055486405,0,0,41912,40.1256,,S,0,U
85,0,2,"Anderson, Mr. Charles",male,28.767377431535387,0,0,66947,19.616,,S,0,U
86,0,2,"Garcia, Mr. Robert",male,34.73553482540849,3,0,523676,35.3148,E60,S,0,E
87,0,3,"Miller, Dr. James",male,28.607194141219725,0,2,500913,28.477,,S,1,U
88,0,3,"Anderson, Col. Robert",male,23.079039270005964,5,0,54387,19.4476,D29,S,0,D
89,0,3,"Taylor, Mr. Edward",male,12.490255118164832,5,0,991469,8.9624,,S,0,U
90,0,3,"White, Mr. Arthur",male,30.30721331501465,0,2,288652,14.0219,,Q,0,U
91,1,1,"Garcia, Mrs. Margaret",female,35.68840162072302,0,0,317736,92.3484,,C,0,U
92,0,3,"Jones, Mr. William",male,20.396027415928103,0,0,643537,14.6191,,S,0,U
93,0,3,"Martinez, Col. Joseph",male,28.607194141219725,0,0,11919,3.1596,,S,1,U
94,1,3,"Moore, Mrs. Alice",female,41.74121167832576,0,0,839027,23.0809,,S,0,U
95,0,3,"Brown, Mr. Joseph",male,28.607194141219725,3,0,150689,14.0767,,S,1,U
96,1,3,"Davis, Miss. Mary",female,49.21043258951183,1,0,478484,7.2222,,C,0,U
97,0,3,"Thompson, Major. James",male,28.607194141219725,0,0,43298,9.0129,,S,1,U
98,1,2,"Anderson, Mr. Henry",male,14.351096236682418,0,5,247225,22.6985,,S,0,U
99,1,1,"Thompson, Miss. Helen",female,24.909756452103576,1,0,934433,13.8547,C63,C,0,C
100,1,1,"White, Miss. Mary",female,28.607194141219725,0,0,243725,127.9218,,Q,1,U
101,1,1,"Taylor, Mrs. Anna",female,16.271524273861843,1,0,286600,95.7365,,S,0,U
102,0,3,"Martin, Mr. Arthur",male,28.607194141219725,0,1,119599,25.5255,,S,1,U
103,1,2,"Johnson, Dr. William",male,61.17037861808818,0,0,883108,20.7758,,S,0,U
104,0,3,"Davis, Mr. Edward",male,22.4080472713227,0,0,93721,4.3179,,S,0,U
105,0,3,"Harris, Mr. Arthur",male,4.845667818307256,1,0,834356,3.4176,,Q,0,U
106,1,2,"Williams, Mrs. Mary",female,3.462085260894362,0,0,820672,16.0929,,S,0,U
107,1,2,"Davis, Dr. Arthur",male,18.33277017686391,1,1,359525,17.151,,S,0,U
108,0,3,"Brown, Miss. Helen",female,53.36107343078308,0,0,281372,8.4619,,C,0,U
109,0,1,"Harris, Mr. George",male,14.351504845033546,1,0,818118,90.424,,C,0,U
110,1,1,"Harris, Dr. Joseph",male,24.978147177315137,0,0,546208,54.3678,,Q,0,U
111,0,2,"Wilson, Major. Arthur",male,18.23451849312383,0,0,541720,22.5421,,S,0,U
112,1,1,"Thompson, Mrs. Ethel",female,7.545153118671159,1,1,466791,57.9676,,S,0,U
113,1,3,"Williams, Ms. Mary",female,12.125992966855122,0,0,644795,18.0536,,S,0,U
114,0,3,"Taylor, Miss. Helen",female,26.737295580950715,0,0,402653,10.5192,,S,0,U
115,1,3,"Davis, Miss. Ethel",female,2.076325034769664,0,0,343869,22.9697,,S,0,U
116,0,3,"Garcia, Mrs. Alice",female,14.91432458667298,1,0,758935,18.2184,F45,S,0,F
117,1,3,"Martinez, Mrs. Rose",female,20.377311082373183,2,0,699270,14.5487,D9,S,0,D
118,1,1,"Wilson, Mr. Joseph",male,42.87584639718023,0,0,656052,73.6161,,C,0,U
119,0,3,"Brown, Mr. Edward",male,32.588150373936884,0,0,171298,0.8479,,S,0,U
120,1,3,"Moore, Mr. Edward",male,28.607194141219725,1,0,214222,24.3084,,C,1,U
121,1,3,"Garcia, Mrs. Florence",female,28.607194141219725,0,0,331243,7.5538,,S,1,U
122,1,3,"Miller, Miss. Margaret",female,38.12738827919168,2,0,122557,13.7259,,C,0,U
123,0,2,"Martin, Dr. William",male,27.13986533377428,0,1,883192,23.438,,S,0,U
124,1,1,"Garcia, Mrs. Helen",female,28.607194141219725,4,1,552301,74.8244,,C,1,U
125,1,1,"Smith, Miss. Margaret",female,47.88095452832951,1,0,555734,151.7301,,S,0,U
126,0,2,"Wilson, Dr. George",male,23.83584498049418,1,0,901641,7.7863,,S,0,U
127,0,3,"Brown, Mr. Henry",male,26.89635988001306,0,0,506409,26.8715,,C,0,U
128,1,3,"Martinez, Miss. Margaret",female,29.88604844362017,0,1,735735,18.3725,,S,0,U
129,0,1,"Martin, Major. Robert",male,19.41147205519996,0,1,990013,71.679,B84,S,0,B
130,1,3,"Jackson, Mrs. Helen",female,17.28431375017623,0,1,636549,11.1182,,C,0,U
131,0,2,"Jones, Mr. John",male,28.607194141219725,0,1,892171,2.1682,,C,1,U
132,1,1,"Brown, Miss. Anna",female,26.192345842766414,0,0,272701,41.5884,B17,S,0,B
133,1,1,"Jones, Lady. Ethel",female,43.66624349485038,1,1,958170,66.3048,,S,0,U
134,1,2,"Miller, Miss. Emma",female,22.24850113983359,0,0,702749,21.761,,S,0,U
135,0,3,"Thomas, Major. James",male,28.607194141219725,0,0,713060,23.0766,,S,1,U
136,0,2,"Harris, Miss. Ethel",female,20.635357061990863,0,0,140878,40.3755,,Q,0,U
137,1,3,"Johnson, Miss. Rose",female,28.607194141219725,0,2,633431,15.1781,,S,1,U
138,1,3,"Martin, Mr. Edward",male,42.58107842158861,0,1,558866,14.6449,F6,S,0,F
139,1,2,"Smith, Mrs. Florence",female,56.414251639984,0,0,609067,15.0965,,Q,0,U
140,0,3,"Johnson, Mr. James",male,18.61057510887269,1,0,674956,0.7208,,S,0,U
141,0,3,"Anderson, Mr. Henry",male,28.5807044123012,0,1,853932,8.1537,,S,0,U
142,0,2,"Thompson, Mr. William",male,28.607194141219725,0,0,606822,17.945,,S,1,U
143,0,3,"Smith, Mr. James",male,28.607194141219725,0,0,806561,20.8032,,S,1,U
144,1,2,"Johnson, Mr. Edward",male,37.44442836375922,1,0,466610,25.1951,,S,0,U
145,1,2,"Harris, Mrs. Ethel",female,18.65975324312141,0,0,207118,22.2155,,S,0,U
146,1,1,"Smith, Mr. Robert",male,36.61728278507399,1,0,808028,54.96,,S,0,U
147,1,3,"Williams, Miss. Ethel",female,11.875394722037363,0,0,599643,2.8569,,S,0,U
148,0,3,"Harris, Mr. George",male,28.832677977861483,1,2,547262,2.374,,S,0,U
149,1,1,"Williams, Mr. George",male,21.74126982987941,0,0,207745,0.8132,,S,0,U
150,0,2,"White, Mr. Charles",male,41.81996519336385,0,1,908436,17.0799,A77,S,0,A
151,0,3,"Thomas, Mrs. Ethel",female,28.607194141219725,0,0,261366,20.9524,,S,1,U
152,0,1,"Williams, Mr. James",male,15.021465392872951,0,0,398938,132.3533,C95,S,0,C
153,1,1,"Martinez, Dr. Robert",male,12.29438995541518,0,0,496649,123.6858,C14,S,0,C
154,0,3,"Johnson, Mrs. Helen",female,29.32191014081487,1,0,866634,8.8792,E47,S,0,E
155,1,3,"White, Dr. Edward",male,31.843023936869983,0,1,84442,22.1541,,S,0,U
156,1,2,"Williams, Mr. Charles",male,21.746056624106384,1,0,687178,10.6893,,C,0,U
157,0,3,"Thompson, Mr. Edward",male,28.607194141219725,1,0,970750,19.8271,,S,1,U
158,1,3,"White, Ms. Margaret",female,22.84685823770609,0,0,589886,0.71662,,C,0,U
159,1,1,"Martin, Mr. William",male,25.89232277821137,1,2,143726,25.1444,,C,0,U
160,1,3,"Williams, Miss. Ethel",female,5.624714271233586,0,0,568046,26.2209,D64,S,0,D
161,1,2,"Jackson, Col. Joseph",male,34.56177193007095,0,0,820636,17.9617,C68,S,0,C
162,0,3,"Martinez, Miss. Ruth",female,41.60677275465218,3,0,137309,7.5522,,Q,0,U
163,1,3,"Miller, Mrs. Florence",female,37.882775452291526,0,1,700288,21.8221,,S,0,U
164,1,3,"Wilson, Mrs. Ethel",female,40.1818693763264,0,0,523644,22.739,,C,0,U
165,0,1,"Smith, Mr. Joseph",male,47.76841719041731,0,0,194681,62.336,,S,0,U
166,1,3,"White, Miss. Emma",female,21.94596187845513,0,0,564840,15.2277,,S,0,U
167,0,2,"Moore, Mr. Joseph",male,47.37606281430217,4,0,413552,21.3691,,S,0,U
168,0,1,"Brown, Mr. Edward",male,38.03161842003576,0,0,319181,57.3551,,S,0,U
169,1,1,"Johnson, Mr. Henry",male,8.697644203142627,0,0,157278,14.207,,S,0,U
170,1,3,"Moore, Lady. Margaret",female,42.09097256496291,0,0,569119,20.538,,S,0,U
171,0,3,"Martin, Mrs. Mary",female,28.607194141219725,0,0,53563,6.3392,,C,1,U
172,0,1,"Martin, Mrs. Emma",female,28.607194141219725,0,0,28361,110.4919,,C,1,U
173,0,3,"Anderson, Major. James",male,28.607194141219725,0,0,837767,15.1043,,S,1,U
174,1,1,"Jones, Mr. George",male,28.607194141219725,0,2,84469,144.7716,,C,1,U
175,0,3,"Williams, Miss. Alice",female,28.607194141219725,0,2,530581,2.0897,,C,1,U
176,1,1,"Moore, Dr. Charles",male,57.09448471237766,2,0,520571,103.7103,A54,Q,0,A
177,0,3,"Williams, Mr. Edward",male,49.605597127133954,0,1,560104,12.4767,,S,0,U
178,1,2,"Smith, Mr. Robert",male,37.75914585524456,1,0,791710,12.1023,,C,0,U
179,0,3,"Harris, Mr. Henry",male,8.378717053122593,1,2,680979,6.6256,,S,0,U
180,0,1,"Thomas, Mr. Joseph",male,28.607194141219725,1,0,244295,95.374,,S,1,U
181,0,2,"Martinez, Dr. Henry",male,21.704866087018974,1,0,626767,26.2967,A16,Q,0,A
182,0,1,"Wilson, Rev. Henry",male,33.28969024742746,0,0,36819,87.1798,,S,0,U
183,1,3,"Martinez, Mr. Robert",male,28.607194141219725,0,1,939245,13.7577,,S,1,U
184,1,3,"Brown, Mrs. Emma",female,28.226921048284527,0,0,394474,9.012,,C,0,U
185,0,2,"Thomas, Col. James",male,28.607194141219725,0,0,18798,15.6781,,S,1,U
186,0,3,"Moore, Mr. Robert",male,22.32567101643055,1,0,690503,6.6602,,C,0,U
187,0,3,"Miller, Mrs. Ethel",female,17.0133280592542,0,0,846127,8.8512,C34,S,0,C
188,0,3,"Garcia, Mr. Henry",male,28.098033970564572,1,0,435963,17.7574,,S,0,U
189,0,3,"Wilson, Mrs. Rose",female,26.59606954786972,0,0,778230,18.6512,,S,0,U
190,1,2,"Smith, Miss. Mary",female,28.607194141219725,2,0,764547,7.2412,D52,C,1,D
191,1,1,"Williams, Mr. William",male,0.5,0,2,663832,39.1782,,S,0,U
192,0,3,"Martin, Mr. Edward",male,25.258321241093743,0,0,686542,7.3168,,Q,0,U
193,1,3,"Thompson, Miss. Helen",female,35.56312647634556,0,0,263800,12.4877,,C,0,U
194,0,3,"Thompson, Mrs. Ruth",female,22.66835881259817,1,0,543703,0.71662,,S,0,U
195,1,2,"Anderson, Mr. John",male,28.607194141219725,0,0,938589,11.2109,B10,S,1,B
196,0,2,"Davis, Mr. John",male,30.132512716317542,2,1,418224,6.1442,,Q,0,U
197,0,3,"Taylor, Mr. Joseph",male,31.77132487025277,1,1,621926,16.2039,,S,0,U
198,0,3,"Moore, Miss. Mary",female,52.16671002776447,1,0,552740,12.7626,,S,0,U
199,0,3,"Moore, Mr. George",male,44.18838150437541,0,2,467291,9.2996,,C,0,U
200,1,3,"Martinez, Miss. Margaret",female,50.33929194443,1,2,411336,4.4938,,C,0,U
201,1,3,"Moore, Mrs. Emma",female,0.5,1,2,729745,9.4232,,S,0,U
202,0,1,"Anderson, Mr. John",male,30.96384023797394,0,0,644493,55.7654,,S,0,U
203,1,1,"Wilson, Mr. Edward",male,59.45142344286408,0,0,28170,165.7333,,S,0,U
204,0,3,"Wilson, Mr. John",male,38.34955896764716,0,0,26259,20.9762,,S,0,U
205,1,3,"Jackson, Mr. Arthur",male,23.168093573098844,0,0,294243,7.4743,,C,0,U
206,1,1,"Jones, Mr. Robert",male,28.607194141219725,0,0,150721,92.2598,,Q,1,U
207,0,1,"Jackson, Mr. John",male,28.607194141219725,3,1,139394,131.2104,,S,1,U
208,0,3,"Harris, Miss. Anna",female,33.24467921732678,0,0,331402,7.4719,,C,0,U
209,1,1,"Johnson, Mr. John",male,34.46824406128787,0,0,182109,13.1445,,Q,0,U
210,1,1,"Brown, Mr. William",male,31.834290669101776,3,0,283949,5.8429,,S,0,U
211,1,3,"Harris, Mrs. Florence",female,33.700523004354594,0,0,519212,23.1781,,S,0,U
212,1,3,"Thompson, Mrs. Rose",female,29.024110462262332,1,0,264599,11.4715,,C,0,U
213,1,3,"Martinez, Mrs. Margaret",female,41.7009718482839,0,1,53147,15.3306,F25,S,0,F
214,1,1,"Johnson, Miss. Ethel",female,15.396454424002137,0,0,84280,55.2881,,S,0,U
215,0,3,"Taylor, Mr. Arthur",male,14.410730746008104,0,1,187125,2.8568,,S,0,U
216,0,1,"White, Mr. Henry",male,54.78234661906182,0,4,378921,29.935,,S,0,U
217,1,2,"Moore, Miss. Emma",female,28.607194141219725,0,0,632129,6.5897,B62,S,1,B
218,0,3,"Miller, Mrs. Anna",female,33.53272529501635,1,4,494609,19.8,,S,0,U
219,0,3,"Miller, Mr. Edward",male,31.54545494750776,0,0,659014,24.9405,D60,Q,0,D
220,1,3,"Johnson, Mrs. Emma",female,22.718848164696137,1,0,400503,13.298,,S,0,U
221,0,3,"Anderson, Mr. Arthur",male,17.17705381832602,0,0,86215,0.8576,F48,S,0,F
222,0,3,"Jones, Mr. John",male,45.88012711443497,0,0,647197,16.9727,E56,S,0,E
223,1,1,"Miller, Mr. Henry",male,10.48636538661908,1,1,367509,147.2492,D55,C,0,D
224,0,2,"Anderson, Mr. William",male,22.07419975949405,0,0,283129,29.7167,,C,0,U
225,0,2,"Jackson, Mr. George",male,38.69046577391194,1,0,284535,19.7087,,S,0,U
226,0,2,"Miller, Mr. James",male,44.56263990709853,3,0,539149,17.6552,,S,0,U
227,0,3,"Williams, Miss. Ethel",female,32.398992348544844,1,0,991086,12.7027,,S,0,U
228,0,2,"Wilson, Dr. Arthur",male,61.17037861808818,0,0,271968,32.2525,,C,0,U
229,1,3,"Brown, Mr. Edward",male,17.435118115659066,0,1,717288,19.0829,F69,S,0,F
230,1,3,"Davis, Miss. Alice",female,9.837020014874028,1,0,306508,9.9139,F34,C,0,F
231,0,3,"Davis, Mrs. Ruth",female,43.886848564550405,1,0,354543,9.7127,,S,0,U
232,0,3,"Smith, Mrs. Florence",female,32.1713946453995,0,0,500251,9.1464,,S,0,U
233,0,3,"Martinez, Mrs. Anna",female,28.607194141219725,0,0,783360,4.4829,,C,1,U
234,0,3,"Williams, Mrs. Mary",female,37.92334396214039,0,0,524060,23.8147,,S,0,U
235,1,1,"Thompson, Mr. George",male,28.607194141219725,0,1,234402,44.6088,,S,1,U
236,1,3,"Wilson, Mr. Charles",male,6.17011840035417,0,0,577211,16.9222,,Q,0,U
237,0,2,"Thomas, Mr. Charles",male,21.636072887994807,0,0,935423,13.3857,A4,C,0,A
238,1,1,"Thompson, Mr. George",male,45.09062435234655,1,0,196968,60.1388,,S,0,U
239,0,3,"Williams, Col. Charles",male,22.243225892221027,2,0,511854,12.089,,S,0,U
240,0,1,"White, Mrs. Rose",female,20.960382994198863,0,0,357962,111.2621,,S,0,U
241,0,3,"Martinez, Mr. George",male,46.81420665640647,0,0,974900,10.9262,,C,0,U
242,0,3,"Taylor, Dr. George",male,33.96124658310479,0,0,700200,3.8864,,S,0,U
243,0,3,"Taylor, Mr. William",male,28.607194141219725,4,1,707615,13.1527,C88,S,1,C
244,1,2,"Miller, Miss. Ethel",female,28.607194141219725,4,0,343304,12.3333,,S,1,U
245,1,1,"Thompson, Mr. Charles",male,32.2360482015494,2,0,138165,161.1919,,S,0,U
246,0,3,"Thompson, Mrs. Helen",female,26.644119352089557,1,0,240314,10.9204,,S,0,U
247,0,2,"Brown, Major. Joseph",male,28.607194141219725,0,0,411392,13.3203,,Q,1,U
248,0,3,"Thompson, Mr. Henry",male,28.607194141219725,1,2,305673,28.7984,,S,1,U
249,0,3,"Martinez, Mr. James",male,0.5,0,0,459622,18.9111,,C,0,U
250,1,3,"Jackson, Mrs. Mary",female,28.607194141219725,0,0,678301,5.8258,D23,S,1,D
251,1,2,"White, Mr. George",male,28.607194141219725,1,0,535957,12.0909,,S,1,U
252,1,2,"Thomas, Miss. Florence",female,28.607194141219725,0,1,751142,24.7418,,C,1,U
253,0,3,"Martinez, Mr. Edward",male,35.57828772001031,0,0,913805,13.3478,,S,0,U
254,0,2,"Williams, Mr. James",male,18.402435632888917,0,0,317003,28.9018,C52,S,0,C
255,1,1,"Anderson, Mrs. Mary",female,28.607194141219725,0,0,590074,50.8662,,C,1,U
256,1,3,"Williams, Miss. Ruth",female,0.5,1,0,716443,18.6089,,S,0,U
257,1,3,"Martinez, Mrs. Alice",female,23.64370677560995,0,0,967580,4.9063,,S,0,U
258,1,3,"Wilson, Mrs. Mary",female,28.607194141219725,0,0,554611,11.7645,B96,S,1,B
259,0,3,"Jones, Miss. Emma",female,28.607194141219725,0,2,240502,8.0626,,S,1,U
260,1,1,"Johnson, Miss. Helen",female,28.607194141219725,0,0,791537,61.2477,,C,1,U
261,0,3,"Anderson, Miss. Alice",female,28.607194141219725,0,0,540309,12.177,,S,1,U
262,0,3,"Thompson, Miss. Ethel",female,18.101413192467408,0,1,530766,22.108,A21,C,0,A
263,1,1,"White, Mrs. Helen",female,28.607194141219725,0,0,311951,26.298,,S,1,U
264,1,3,"Thompson, Rev. Arthur",male,28.607194141219725,1,4,400449,4.5043,,S,1,U
265,1,3,"Martin, Mrs. Florence",female,29.414448226170308,5,0,322499,4.6956,,S,0,U
266,0,3,"Miller, Mr. Arthur",male,10.98503664063326,0,0,505655,21.1795,,C,0,U
267,1,3,"Brown, Mrs. Mary",female,31.439598968378444,0,0,647703,0.71662,,S,0,U
268,0,3,"Harris, Miss. Ethel",female,26.36028711579002,0,0,972236,8.4244,,C,0,U
269,0,2,"Martinez, Mr. William",male,46.865442159911865,1,0,280855,28.3958,,S,0,U
270,0,2,"White, Miss. Emma",female,17.565401926961712,0,2,466295,19.4157,,Q,0,U
271,1,3,"Harris, Mr. Charles",male,7.300481814289633,1,4,17904,22.0297,,C,0,U
272,0,3,"Davis, Col. Joseph",male,36.07248909240885,1,0,598321,3.2792,,C,0,U
273,1,3,"Wilson, Miss. Mary",female,28.607194141219725,2,0,765947,10.4271,,C,1,U
274,0,3,"Thompson, Mr. Edward",male,28.607194141219725,2,0,882910,23.6974,,S,1,U
275,0,3,"Martinez, Mrs. Emma",female,8.331562034196523,0,1,130035,3.9849,,C,0,U
276,1,3,"Jones, Miss. Margaret",female,32.041156480332546,0,0,755147,21.2785,,S,0,U
277,0,3,"Martin, Mr. Henry",male,26.32996798584932,3,0,196168,11.1145,,S,0,U
278,0,3,"Anderson, Dr. Arthur",male,61.17037861808818,0,0,231666,16.473,A65,S,0,A
279,1,3,"Taylor, Mr. George",male,28.607194141219725,0,0,766141,23.1173,,S,1,U
280,0,3,"Martin, Mr. Joseph",male,21.433090300235214,0,5,275237,16.4387,B59,S,0,B
281,1,3,"Williams, Mrs. Ethel",female,1.6924982858418254,0,0,297062,8.27,F5,S,0,F
282,0,2,"Harris, Major. James",male,9.360678095464262,1,0,203708,25.6206,,S,0,U
283,0,2,"Wilson, Major. Edward",male,28.607194141219725,0,0,724166,13.382,,S,1,U
284,0,1,"Davis, Mr. William",male,31.673796944378783,0,0,150466,97.6683,,S,0,U
285,0,3,"Smith, Mr. George",male,29.975688674140265,3,0,134501,2.9853,,Q,0,U
286,1,1,"Smith, Mrs. Ruth",female,21.607407965720547,1,0,794516,85.4547,,Q,0,U
287,0,3,"Wilson, Mr. Joseph",male,43.91501659970312,0,0,626798,22.5143,,Q,0,U
288,1,3,"Smith, Miss. Anna",female,29.612586539547365,0,0,103708,10.6098,B46,S,0,B
289,0,2,"Wilson, Mr. James",male,30.89833975874544,0,0,632107,30.9369,E3,S,0,E
290,0,3,"White, Mrs. Florence",female,29.244565840265324,0,0,245603,37.7474,,Q,0,U
291,0,1,"Miller, Mr. Edward",male,28.607194141219725,0,0,940784,82.5526,,C,1,U
292,0,1,"Williams, Mr. James",male,29.134238824550437,0,0,570591,114.7096,,C,0,U
293,0,3,"Jackson, Lady. Helen",female,40.90808700084186,1,0,561741,16.8149,,S,0,U
294,1,2,"Martin, Mr. John",male,28.607194141219725,0,0,524908,22.251,,S,1,U
295,1,1,"Johnson, Miss. Helen",female,5.787494787145874,0,0,905318,123.3948,B22,C,0,B
296,1,3,"Johnson, Mrs. Ruth",female,37.71194697000519,0,0,857127,11.0152,,S,0,U
297,0,3,"Harris, Mr. James",male,29.466038803816915,0,2,733809,7.6996,,S,0,U
298,0,1,"Davis, Mr. Robert",male,28.607194141219725,1,0,533526,7.6839,,S,1,U
299,0,3,"White, Mrs. Margaret",female,34.764936436506545,0,0,166837,10.2579,,S,0,U
300,1,1,"Davis, Mr. John",male,28.607194141219725,0,1,405556,129.0717,,S,1,U
301,0,1,"Thompson, Mr. George",male,47.54324484222907,0,0,529676,37.0101,,S,0,U
302,0,3,"Jackson, Mr. George",male,35.4833886186138,3,2,757075,14.9734,,Q,0,U
303,0,3,"Martinez, Mr. Henry",male,51.82317297297044,0,0,572345,12.0151,,S,0,U
304,0,3,"Thompson, Mr. Arthur",male,28.607194141219725,0,1,928101,8.0343,,C,1,U
305,1,3,"Taylor, Miss. Helen",female,17.538128493956393,0,1,723348,1.8243,,C,0,U
306,0,3,"Garcia, Mrs. Florence",female,28.607194141219725,1,4,628943,23.9028,,S,1,U
307,0,3,"Harris, Miss. Florence",female,34.0550531403807,0,2,287169,17.1375,,S,0,U
308,0,2,"Jackson, Ms. Ruth",female,52.2739146560601,0,2,279289,46.6529,,S,0,U
309,0,3,"Garcia, Mr. James",male,28.607194141219725,0,0,635494,21.6353,B31,S,1,B
310,1,2,"Garcia, Miss. Ethel",female,37.19342040565123,0,0,196869,33.4054,,S,0,U
311,1,2,"Thomas, Mr. Joseph",male,37.31586689225458,1,0,838155,2.5065,,S,0,U
312,0,1,"Thompson, Mr. Arthur",male,4.312687585116219,1,0,607518,4.3418,B52,S,0,B
313,1,1,"Garcia, Mr. Henry",male,8.2164196315493,0,3,932334,86.1156,,S,0,U
314,0,3,"Thompson, Mr. James",male,56.07845089300167,0,0,689290,3.8151,,C,0,U
315,1,3,"Wilson, Mrs. Alice",female,10.21127980329771,0,2,426968,7.5497,,S,0,U
316,1,3,"Thomas, Miss. Ethel",female,30.59330889275787,0,1,118138,33.2101,F55,S,0,F
317,1,2,"Smith, Mr. Joseph",male,9.151950149412205,0,0,741385,31.8988,,S,0,U
318,0,1,"Johnson, Mr. Charles",male,31.317739749049867,0,0,746664,37.2172,A72,S,0,A
319,1,1,"Garcia, Miss. Emma",female,22.00216120829173,0,0,72040,34.306,,S,0,U
320,0,2,"Thompson, Mr. Edward",male,8.1167470257542,0,0,642956,9.8006,,S,0,U
321,0,3,"Thomas, Mr. John",male,48.71688612590599,5,0,733056,8.5424,,S,0,U
322,0,3,"Smith, Rev. Joseph",male,46.5559201788522,1,3,514788,10.4299,,C,0,U
323,1,3,"Taylor, Mrs. Alice",female,19.499561122522696,2,1,467864,2.7676,,Q,0,U
324,1,2,"Anderson, Miss. Mary",female,39.2313062845083,0,0,851462,31.2985,B25,Q,0,B
325,0,3,"Thomas, Mr. Charles",male,56.64609762818024,3,0,66815,7.3083,,S,0,U
326,0,3,"Harris, Rev. Joseph",male,40.55706306421325,0,0,226741,18.1886,A38,S,0,A
327,1,3,"Martinez, Miss. Alice",female,23.14541396478965,0,0,122789,13.4311,,S,0,U
328,0,3,"Taylor, Mrs. Helen",female,28.05044801684529,1,0,438906,20.5078,,S,0,U
329,1,2,"Martin, Mr. Joseph",male,39.09296310802935,0,0,753766,17.6208,,S,0,U
330,1,2,"Williams, Miss. Anna",female,11.925235627493263,0,0,854355,10.7501,,S,0,U
331,1,2,"White, Mr. Joseph",male,26.127097831739743,0,0,177644,14.0141,,C,0,U
332,0,3,"Davis, Mr. James",male,36.31247925297521,0,2,195102,8.3241,,S,0,U
333,1,1,"Jones, Miss. Anna",female,16.521449820191915,0,0,340048,166.79919000000012,C7,S,0,C
334,1,1,"Martin, Mr. Henry",male,24.878804580890964,0,0,778821,87.8253,A15,S,0,A
335,0,1,"Anderson, Mr. Henry",male,28.607194141219725,1,0,247469,84.2316,,S,1,U
336,1,1,"Smith, Mr. Robert",male,46.10850570830297,0,0,767596,128.1013,A96,C,0,A
337,0,3,"Jackson, Mr. Joseph",male,14.142707450164934,0,0,694563,12.9994,C69,S,0,C
338,1,3,"Wilson, Miss. Anna",female,28.607194141219725,0,0,87088,21.9734,,S,1,U
339,0,3,"Williams, Mr. George",male,28.607194141219725,0,0,539896,10.0234,B2,S,1,B
340,1,1,"Wilson, Miss. Mary",female,14.60073189354045,4,0,579955,60.318,C50,S,0,C
341,0,3,"Brown, Mr. William",male,18.70555067706716,0,0,589835,5.1578,,S,0,U
342,0,3,"Jackson, Mr. Henry",male,6.302457382846882,0,0,949989,27.8004,C5,Q,0,C
343,0,1,"Taylor, Mr. George",male,28.607194141219725,0,0,510812,80.5088,,Q,1,U
344,1,2,"Taylor, Mrs. Alice",female,32.08567581594947,1,0,937366,8.2596,,C,0,U
345,0,2,"Miller, Mr. Henry",male,28.607194141219725,1,1,924823,21.9683,,S,1,U
346,0,3,"Thompson, Mrs. Rose",female,28.607194141219725,0,1,244907,7.7996,,S,1,U
347,1,3,"Williams, Mr. Henry",male,28.607194141219725,0,0,872380,9.8832,F34,S,1,F
348,1,1,"Thompson, Ms. Florence",female,28.607194141219725,0,0,868312,99.5377,,C,1,U
349,0,2,"Anderson, Dr. Arthur",male,28.66566390530909,0,0,67560,35.2099,,C,0,U
350,1,3,"Miller, Miss. Margaret",female,27.36033608974621,0,6,911495,13.8127,,C,0,U
351,1,3,"Martin, Miss. Ruth",female,34.35809041595965,1,0,224601,7.3117,,S,0,U
352,0,3,"Thomas, Mrs. Alice",female,29.961334326581117,0,0,890650,8.9607,B18,S,0,B
353,1,3,"Taylor, Miss. Ethel",female,32.94398895122008,1,0,386606,18.2516,,S,0,U
354,1,1,"Johnson, Mrs. Margaret",female,15.937023107128592,0,0,693775,13.917,,S,0,U
355,1,1,"Smith, Mr. Robert",male,30.310855083596916,0,0,992027,31.8659,,S,0,U
356,0,3,"Thomas, Mr. George",male,9.547050858876798,1,0,946827,14.7012,,S,0,U
357,1,1,"Brown, Mr. Charles",male,20.37882856720386,0,0,194286,1.3335,,C,0,U
358,1,3,"Harris, Miss. Ruth",female,45.66157730503177,0,2,290141,10.4999,,S,0,U
359,0,3,"Smith, Mr. Edward",male,48.0636558066449,0,0,131266,9.1739,,S,0,U
360,1,3,"Wilson, Mrs. Florence",female,13.133727023048497,0,0,984507,20.0196,E3,S,0,E
361,1,2,"Wilson, Mr. Joseph",male,22.980830196650544,0,0,13679,17.4972,,S,0,U
362,1,3,"Johnson, Mr. Robert",male,10.147161092434889,0,0,498241,22.4935,,C,0,U
363,0,3,"Thomas, Mr. Arthur",male,18.333870584605137,0,0,574596,13.631,,S,0,U
364,1,3,"Wilson, Ms. Alice",female,28.607194141219725,0,1,216096,27.2116,C18,S,1,C
365,0,3,"Garcia, Mr. Henry",male,28.607194141219725,1,0,705202,1.9001,,C,1,U
366,0,2,"Moore, Mr. Arthur",male,28.607194141219725,1,1,992912,36.1713,,S,1,U
367,0,3,"Thomas, Mr. Joseph",male,48.78004765523184,0,0,997036,9.711,,S,0,U
368,0,3,"Taylor, Mr. William",male,20.301431992227403,1,0,457154,24.7916,,C,0,U
369,1,1,"Anderson, Major. Edward",male,8.885370039045,1,1,539983,143.2617,,C,0,U
370,1,1,"Wilson, Dr. John",male,13.802301348007912,0,0,236812,58.5954,,S,0,U
371,1,1,"Thompson, Ms. Helen",female,31.30979700832195,0,0,592787,107.9584,,S,0,U
372,1,1,"Harris, Mr. James",male,19.79850706275893,0,0,33382,133.881,B61,S,0,B
373,0,1,"Thompson, Rev. Charles",male,25.91188036281764,1,0,810667,150.4296,,C,0,U
374,0,3,"Moore, Mr. Henry",male,28.607194141219725,0,0,727583,3.5869,,S,1,U
375,1,1,"Smith, Col. James",male,43.86333835187256,0,0,667726,113.5171,D48,S,0,D
376,0,2,"Harris, Mr. Arthur",male,21.78248038070749,1,0,168539,21.9507,,C,0,U
377,1,3,"White, Mr. Henry",male,24.717210922730654,0,0,462532,16.4513,,Q,0,U
378,0,1,"Garcia, Mr. William",male,28.607194141219725,0,0,384612,133.9468,,S,1,U
379,0,3,"Miller, Mr. John",male,22.090253245550937,0,1,16764,22.2537,,S,0,U
380,1,2,"Thompson, Lady. Anna",female,47.80582905897751,0,1,756256,13.4426,C88,S,0,C
381,1,1,"Anderson, Mrs. Helen",female,10.236180850377178,1,0,648119,97.271,,C,0,U
382,1,3,"Moore, Mrs. Emma",female,5.609536360692783,1,2,71836,13.3291,,S,0,U
383,0,3,"Martin, Mr. Arthur",male,14.118450642109142,0,0,304067,11.0852,D4,S,0,D
384,0,3,"Thomas, Mr. Joseph",male,47.21683914330712,0,2,265033,11.8498,,S,0,U
385,0,3,"Garcia, Mr. Robert",male,61.0895731521636,1,0,892143,14.5679,,S,0,U
386,0,3,"Miller, Mr. Arthur",male,30.123593935743525,0,0,26292,8.1841,,S,0,U
387,1,2,"Miller, Mrs. Emma",female,26.508677386380477,0,1,921345,28.8304,C55,S,0,C
388,0,1,"Johnson, Mr. George",male,28.607194141219725,0,0,929118,147.4654,,S,1,U
389,0,3,"Martin, Col. Robert",male,43.85804196820399,0,0,293083,6.4354,,S,0,U
390,0,3,"Wilson, Mr. Edward",male,21.3873725399815,0,1,253772,23.5466,,S,0,U
391,1,3,"Brown, Mrs. Mary",female,24.909443998501,0,1,28800,6.4505,B44,C,0,B
392,0,2,"Anderson, Mr. Charles",male,34.76915790976998,0,2,66440,28.9779,,C,0,U
393,0,2,"Garcia, Mr. Henry",male,46.84266993088295,0,0,426462,33.1648,,S,0,U
394,0,3,"Thomas, Mr. Arthur",male,40.85593226325124,0,0,661809,12.2439,,S,0,U
395,0,2,"Brown, Mr. Arthur",male,41.43615157345167,0,0,456021,11.895,,S,0,U
396,0,3,"Anderson, Mr. Arthur",male,24.032240206530048,0,0,655615,8.2905,,S,0,U
397,0,3,"Wilson, Mr. Edward",male,28.607194141219725,0,0,583936,15.8949,F82,S,1,F
398,0,2,"Martin, Mr. George",male,19.892513420248196,0,0,911624,39.6465,,S,0,U
399,1,3,"Williams, Dr. Arthur",male,41.83736539839296,0,0,460067,0.71662,,S,0,U
400,0,3,"Brown, Mr. Edward",male,28.607194141219725,0,0,959192,13.8019,,S,1,U
401,0,1,"Johnson, Major. Joseph",male,37.74708996281672,1,1,365642,79.5964,,C,0,U
402,0,3,"Davis, Mr. Charles",male,24.856251784872583,1,5,826196,9.3478,A99,C,0,A
403,0,3,"Williams, Mrs. Margaret",female,28.607194141219725,0,0,828902,12.3537,E84,S,1,E
404,0,3,"White, Miss. Florence",female,24.824347782905058,0,1,790448,8.6624,,S,0,U
405,1,2,"Garcia, Mr. James",male,25.09005377527105,0,0,179573,32.4316,,S,0,U
406,1,3,"Smith, Mr. Charles",male,44.69991834430795,0,4,67207,23.74,E7,S,0,E
407,0,2,"Taylor, Mr. Joseph",male,34.744482375059306,0,0,72157,20.8814,,S,0,U
408,1,1,"Moore, Mr. John",male,28.607194141219725,0,1,144288,76.9427,,S,1,U
409,1,3,"Thompson, Mrs. Ruth",female,29.01087895988404,0,2,687432,9.0557,D32,C,0,D
410,1,1,"Jackson, Mr. Charles",male,32.96240532823909,0,2,103778,88.5141,,S,0,U
411,1,2,"Jones, Miss. Ruth",female,39.16295064905314,0,0,140016,38.4783,,C,0,U
412,1,3,"Martinez, Mr. Arthur",male,55.29148540043067,0,0,658576,12.1701,,S,0,U
413,0,3,"Martinez, Mr. Robert",male,17.957302264085023,1,0,178204,6.2845,C49,S,0,C
414,0,3,"Harris, Ms. Rose",female,28.607194141219725,0,0,120573,9.8179,C50,S,1,C
415,0,3,"Wilson, Mrs. Florence",female,16.958716684217695,1,0,130730,19.0278,,S,0,U
416,1,2,"Taylor, Miss. Anna",female,24.29813782962976,1,0,945365,12.8226,C75,C,0,C
417,0,2,"Jackson, Miss. Ethel",female,28.607194141219725,0,0,74186,19.6629,,S,1,U
418,0,2,"Martin, Mr. Robert",male,34.40588830576256,0,0,515349,24.7288,,S,0,U
419,0,3,"White, Mrs. Ethel",female,43.1492564314281,0,0,801392,7.8651,,S,0,U
420,0,3,"Brown, Mr. William",male,28.607194141219725,1,0,28781,1.1152,,S,1,U
421,0,3,"Jones, Miss. Ruth",female,28.607194141219725,1,0,247677,4.4289,,S,1,U
422,1,3,"Wilson, Mr. Charles",male,49.69493198103254,0,0,267506,6.1299,A59,S,0,A
423,1,1,"Johnson, Miss. Ruth",female,29.354963208669297,1,0,41126,72.5586,,Q,0,U
424,1,3,"Taylor, Mr. James",male,38.51520453430237,0,2,248217,13.3544,,C,0,U
425,1,1,"Thompson, Mr. Edward",male,26.906808338933352,0,0,425794,125.1851,B18,S,0,B
426,0,3,"Jackson, Mr. George",male,17.006003064093292,2,0,525474,3.182,,S,0,U
427,1,2,"Moore, Mrs. Ethel",female,25.762124441789844,1,0,902466,26.7829,,S,0,U
428,1,3,"Miller, Mr. Arthur",male,28.607194141219725,0,0,290027,10.0326,C62,S,1,C
429,0,2,"Wilson, Mr. Henry",male,10.604004246397132,1,0,564070,2.1445,,C,0,U
430,0,1,"Williams, Dr. Henry",male,41.10599567231175,2,0,328531,84.6787,,S,0,U
431,1,1,"Harris, Mr. Henry",male,43.95134487455213,1,0,682339,149.8134,B55,S,0,B
432,0,3,"Martinez, Miss. Ethel",female,28.607194141219725,1,0,830178,20.0649,,S,1,U
433,0,3,"Jones, Mr. Arthur",male,15.68380509619072,1,0,271161,12.3898,,Q,0,U
434,1,1,"Garcia, Miss. Alice",female,17.995689044853385,0,0,76266,140.2885,,Q,0,U
435,1,1,"Martin, Mr. Joseph",male,30.3345313578082,1,0,534344,93.6111,,S,0,U
436,1,3,"Martin, Dr. Henry",male,26.301605861185323,0,0,303601,20.8495,,S,0,U
437,1,1,"Brown, Lady. Ruth",female,10.075557040392056,1,0,405459,0.9199,B52,S,0,B
438,1,3,"Wilson, Miss. Margaret",female,25.439121573213903,0,0,458247,3.0026,,C,0,U
439,0,3,"Taylor, Mr. James",male,10.844234857841194,0,0,142773,18.8323,,S,0,U
440,0,1,"Moore, Mr. Arthur",male,12.453861217754293,0,1,721741,160.9641,,S,0,U
441,1,1,"Thompson, Miss. Florence",female,28.13023300549226,0,0,715798,104.8648,,S,0,U
442,0,3,"Harris, Mr. George",male,43.1956331983486,0,0,345983,9.0213,,S,0,U
443,1,2,"Jones, Mrs. Mary",female,26.59073769262782,4,1,90636,11.4948,,S,0,U
444,0,2,"Martinez, Mrs. Ethel",female,45.87219328661298,3,0,379841,16.8468,,C,0,U
445,0,3,"Johnson, Miss. Margaret",female,23.903695631757085,0,0,76483,22.7091,,S,0,U
446,0,3,"Miller, Rev. Robert",male,28.607194141219725,5,2,30505,10.2598,C58,C,1,C
447,1,3,"Davis, Miss. Ethel",female,30.972619365777348,1,1,409769,21.3821,E70,S,0,E
448,0,3,"Thompson, Mr. Joseph",male,22.13504507237979,0,0,567813,18.2206,,Q,0,U
449,0,2,"Moore, Mr. Henry",male,8.2520108214649,0,1,221474,37.1393,,C,0,U
450,0,1,"Williams, Mr. John",male,54.4421987058922,1,1,106008,94.0131,D7,S,0,D
451,1,3,"Thomas, Mr. Robert",male,28.607194141219725,0,0,54348,12.6032,,C,1,U
452,1,3,"Smith, Mrs. Rose",female,18.4675537846774,1,2,736547,21.7814,E83,S,0,E
453,1,2,"Harris, Miss. Florence",female,19.2925563450138,1,0,279417,10.6474,C83,S,0,C
454,1,3,"Garcia, Mrs. Florence",female,16.615593388501892,1,0,336380,9.4479,A19,S,0,A
455,1,1,"Williams, Mr. Arthur",male,16.064349557653536,1,6,740929,0.71662,,C,0,U
456,0,3,"Smith, Col. Robert",male,55.581661069398194,0,1,144607,2.9654,,Q,0,U
457,1,1,"Brown, Mr. William",male,6.824835660318776,0,0,946181,166.79919000000012,C87,S,0,C
458,0,3,"Miller, Miss. Mary",female,24.546916316853007,0,0,748384,18.5385,C18,S,0,C
459,1,1,"Wilson, Mr. John",male,31.180533581391277,0,0,117157,15.4649,,S,0,U
460,1,1,"Jones, Miss. Helen",female,20.672125389688617,0,0,535196,143.7414,,C,0,U
461,0,1,"Wilson, Mr. William",male,42.55224115930426,1,0,262299,48.8151,,S,0,U
462,0,3,"Martinez, Mr. Arthur",male,6.588503156057541,1,2,211225,18.1276,B21,S,0,B
463,1,3,"Brown, Miss. Anna",female,28.607194141219725,0,1,118352,18.0081,D29,S,1,D
464,0,3,"Martinez, Mr. Edward",male,30.29484277710103,0,0,105967,26.3199,B13,S,0,B
465,0,3,"Davis, Mrs. Margaret",female,28.11392530350977,0,0,361133,8.6982,B87,S,0,B
466,1,2,"Williams, Miss. Margaret",female,49.51180666505705,0,0,569367,12.5977,,S,0,U
467,0,2,"Martinez, Mr. Charles",male,10.27250301141632,0,0,222628,6.8904,D67,S,0,D
468,0,3,"Martin, Mr. John",male,24.27909722448662,1,0,121889,12.0258,,Q,0,U
469,1,1,"Thompson, Mr. George",male,36.703462474983056,0,0,272063,120.2665,,S,0,U
470,0,3,"Anderson, Mrs. Mary",female,36.73207638967637,1,0,321467,19.8958,,Q,0,U
471,0,1,"Miller, Mr. Joseph",male,32.09187262912876,0,0,972824,146.62,,S,0,U
472,0,3,"White, Mr. Edward",male,28.607194141219725,1,0,362053,15.3184,C44,S,1,C
473,1,1,"Smith, Mr. Joseph",male,28.320822169229384,1,0,56105,109.2391,,S,0,U
474,0,3,"Martinez, Miss. Anna",female,28.607194141219725,2,0,433380,13.545,,C,1,U
475,0,3,"Harris, Mr. John",male,30.47461097775644,1,0,142957,18.6596,,C,0,U
476,0,3,"Jackson, Miss. Margaret",female,24.008241854186743,2,0,985323,5.5261,,S,0,U
477,1,1,"Harris, Mrs. Margaret",female,43.60986649997979,1,0,11049,13.5768,D14,S,0,D
478,0,3,"Martinez, Mr. Edward",male,28.607194141219725,1,0,587569,6.3701,,S,1,U
479,0,3,"Garcia, Rev. Joseph",male,50.37813145885095,0,1,315415,14.709,,S,0,U
480,0,3,"Wilson, Mrs. Rose",female,20.23216587875208,0,0,76697,2.5966,C38,C,0,C
481,0,3,"Thompson, Mr. Arthur",male,28.50916963547234,0,0,469567,7.934,,S,0,U
482,1,3,"Jones, Lady. Ethel",female,9.189883092562845,0,0,46534,8.1896,,S,0,U
483,0,3,"Jones, Mr. Charles",male,21.96497988845699,0,0,103034,19.2546,A34,C,0,A
484,1,3,"Moore, Mr. John",male,45.30531950615094,1,0,68097,18.2808,,Q,0,U
485,1,3,"Thomas, Mrs. Emma",female,45.09259038297566,2,2,719173,13.5639,,S,0,U
486,0,3,"Taylor, Mr. William",male,28.607194141219725,0,1,297181,16.6085,,S,1,U
487,0,1,"Martin, Mr. Edward",male,28.607194141219725,0,2,439223,107.5395,D8,S,1,D
488,0,2,"Taylor, Mr. Arthur",male,28.607194141219725,3,0,482694,16.3638,,S,1,U
489,1,3,"Anderson, Mr. Henry",male,27.02599498125347,0,0,561566,8.66,,S,0,U
490,1,3,"Moore, Mr. William",male,51.05899995961892,1,0,673632,25.2935,,C,0,U
491,1,3,"Williams, Mr. George",male,29.857679909601124,0,0,520708,6.913,B74,C,0,B
492,0,3,"Johnson, Miss. Helen",female,28.607194141219725,1,0,984687,7.0696,,S,1,U
493,0,2,"Harris, Mr. Joseph",male,33.47583506076024,0,0,371317,17.9622,,S,0,U
494,1,1,"Smith, Miss. Helen",female,25.90582509559825,1,1,834726,111.9976,,S,0,U
495,1,3,"Moore, Mr. James",male,34.03775608202486,0,0,607565,22.0841,,S,0,U
496,1,2,"Brown, Ms. Rose",female,31.664944245642054,0,0,990013,38.5673,,S,0,U
497,0,3,"Taylor, Mr. Henry",male,10.103856037961304,0,1,14694,12.2663,,S,0,U
498,1,1,"Martinez, Miss. Ruth",female,28.607194141219725,0,1,592438,82.7632,,S,1,U
499,0,3,"Brown, Mr. Joseph",male,22.64455582508276,3,0,601758,15.9009,,S,0,U
500,1,3,"Jackson, Mr. John",male,44.41835554782463,1,1,555844,8.751,,S,0,U
501,0,3,"Jackson, Mr. John",male,15.106945374571556,0,1,205543,3.5261,,S,0,U
502,0,3,"Moore, Mr. John",male,28.607194141219725,0,0,977359,12.23,,S,1,U
503,0,2,"Taylor, Mr. Arthur",male,33.29543564767218,0,0,583374,27.4537,,S,0,U
504,1,3,"Miller, Col. John",male,11.438887201040531,1,0,684267,11.0566,,S,0,U
505,1,3,"Taylor, Mrs. Helen",female,28.607194141219725,1,0,782687,16.3075,,S,1,U
506,0,1,"Garcia, Mr. George",male,6.69732570533489,0,0,999199,9.4409,,S,0,U
507,0,3,"Harris, Mr. Joseph",male,28.607194141219725,1,6,189559,13.1472,,Q,1,U
508,0,3,"Martinez, Mr. John",male,25.7809163138374,0,1,956662,9.7724,B90,S,0,B
509,0,3,"Anderson, Miss. Rose",female,36.93833657592378,2,1,947797,2.799,,S,0,U
510,0,3,"Garcia, Mr. Edward",male,42.82414447707527,2,2,973265,18.2577,B36,S,0,B
511,0,3,"Davis, Mr. Robert",male,19.888235628845585,1,1,633756,27.7652,,S,0,U
512,0,2,"Harris, Mr. John",male,25.632181878927945,1,0,829819,29.8996,,Q,0,U
513,0,3,"White, Mrs. Anna",female,33.208993882114186,0,0,968254,21.43,,C,0,U
514,1,3,"Wilson, Mrs. Anna",female,35.262144925808684,1,0,602890,18.6998,,S,0,U
515,1,1,"Williams, Mr. John",male,17.111839483917695,0,0,948760,116.3226,,S,0,U
516,1,1,"Anderson, Miss. Margaret",female,11.947005722301814,0,0,503857,5.9716,,S,0,U
517,1,2,"Taylor, Miss. Emma",female,28.607194141219725,0,0,526304,18.7205,,S,1,U
518,0,3,"Brown, Rev. Edward",male,34.04085011257732,1,2,933098,17.0694,,S,0,U
519,1,3,"White, Mrs. Helen",female,30.638272654031447,0,0,536748,17.2512,,S,0,U
520,0,1,"Smith, Mr. Edward",male,34.47485746284467,0,1,82356,147.5853,,S,0,U
521,0,3,"Martinez, Mr. John",male,36.7900180813252,0,0,851130,4.7408,,S,0,U
522,0,2,"Moore, Mr. Joseph",male,23.450489440348274,0,0,269925,26.0727,,C,0,U
523,0,3,"Davis, Mr. John",male,18.733855986142665,0,0,898178,4.4797,,S,0,U
524,1,3,"Jones, Mr. Edward",male,31.19110644771986,1,1,550479,11.3064,,S,0,U
525,0,3,"Johnson, Miss. Helen",female,48.330701883693926,1,0,618919,12.5043,,S,0,U
526,0,3,"Wilson, Mr. George",male,28.607194141219725,0,0,255702,19.9006,,S,1,U
527,0,2,"Harris, Mr. James",male,51.97813010763954,1,0,806961,27.4495,,C,0,U
528,1,2,"Anderson, Mr. Charles",male,30.960918677988012,1,0,42175,21.2033,,S,0,U
529,0,1,"Davis, Mrs. Helen",female,42.69285703388725,0,0,289819,23.6019,,C,0,U
530,0,3,"Brown, Mr. John",male,17.52754543281118,1,0,446374,16.5587,F8,S,0,F
531,0,3,"Williams, Mr. James",male,18.069177161497823,3,0,843230,10.8586,,C,0,U
532,0,3,"Smith, Rev. George",male,9.52127170044431,0,0,867342,24.1344,,C,0,U
533,0,3,"Martin, Mr. John",male,43.0584105168381,0,0,402544,22.2279,D24,S,0,D
534,1,3,"Taylor, Ms. Anna",female,11.471654631737016,2,0,691336,5.4958,,S,0,U
535,1,3,"Davis, Miss. Florence",female,11.785195614608009,0,0,728476,17.6574,,C,0,U
536,0,3,"Martinez, Mr. George",male,17.84710530654677,0,0,350822,17.8153,,S,0,U
537,1,3,"Smith, Mrs. Ruth",female,31.52087470584141,0,0,72821,17.2335,,S,0,U
538,0,2,"Taylor, Mr. George",male,17.42817301837856,0,0,520559,23.9958,C28,S,0,C
539,1,3,"Jackson, Mrs. Margaret",female,28.607194141219725,1,0,22204,18.0412,,S,1,U
540,1,1,"Jones, Mr. Arthur",male,30.228418423600875,0,0,983169,159.0743,,S,0,U
541,1,3,"Thompson, Mr. Robert",male,41.06529935059993,0,0,803826,8.589,,S,0,U
542,0,3,"Martin, Dr. George",male,48.207376020344086,0,4,256464,5.7535,,S,0,U
543,1,1,"Moore, Mrs. Emma",female,40.47272691708016,0,0,861246,123.1358,,S,0,U
544,0,3,"Davis, Mr. Henry",male,13.261267208027023,0,0,43593,2.0669,,C,0,U
545,0,3,"Jones, Mr. John",male,26.91100149837919,0,0,969468,18.2322,,S,0,U
546,0,2,"Thomas, Dr. William",male,19.608527810073166,1,2,218260,24.7694,D57,Q,0,D
547,1,1,"Moore, Mrs. Alice",female,44.1630589229872,0,0,125064,33.2751,,Q,0,U
548,0,3,"Jackson, Mr. Charles",male,28.607194141219725,0,0,502492,7.9093,,C,1,U
549,1,3,"Harris, Miss. Mary",female,35.64719079737119,0,2,63365,25.6078,,Q,0,U
550,1,3,"Wilson, Miss. Alice",female,26.80002988058994,0,2,774932,1.3426,,S,0,U
551,0,3,"Miller, Mr. Henry",male,28.607194141219725,0,0,927947,14.7007,,C,1,U
552,1,3,"Smith, Mrs. Rose",female,34.37103516726944,0,0,230511,4.9608,,S,0,U
553,0,3,"Martinez, Mr. Arthur",male,35.64856485351084,1,1,502274,7.3284,,S,0,U
554,1,3,"Harris, Mrs. Florence",female,35.36198500353663,0,0,431396,28.3306,,C,0,U
555,0,3,"Johnson, Mr. Robert",male,48.406917558351054,1,0,976295,13.9876,,S,0,U
556,0,2,"Harris, Mrs. Emma",female,21.97789122000704,0,0,489871,25.1695,A76,C,0,A
557,1,1,"Harris, Miss. Ruth",female,38.00019331427967,2,0,216971,78.3768,,C,0,U
558,1,1,"Wilson, Lady. Ethel",female,29.643366782637028,0,0,971169,8.2433,B34,S,0,B
559,1,3,"Harris, Miss. Mary",female,28.607194141219725,1,0,113700,3.5206,,C,1,U
560,1,3,"Martinez, Mr. Edward",male,25.366305569409523,0,2,369221,22.4274,,S,0,U
561,0,3,"Harris, Mr. James",male,28.607194141219725,0,0,406681,14.2231,,S,1,U
562,1,1,"Johnson, Mrs. Helen",female,28.489142209985246,0,0,78247,45.4856,,S,0,U
563,1,1,"Smith, Mr. John",male,12.50846715716661,2,0,192631,82.8974,,S,0,U
564,1,1,"Davis, Mr. Arthur",male,28.607194141219725,0,2,166270,117.0799,,S,1,U
565,1,2,"Thompson, Mrs. Alice",female,34.727761289046555,0,0,851172,24.5449,B87,S,0,B
566,0,3,"Thompson, Miss. Rose",female,28.607194141219725,1,0,163560,6.8417,,S,1,U
567,0,2,"Thompson, Lady. Mary",female,55.4605462233148,0,0,703875,4.247,A30,C,0,A
568,0,2,"Thompson, Mr. Joseph",male,28.607194141219725,1,0,519627,15.9295,E55,S,1,E
569,0,3,"Williams, Miss. Alice",female,27.97522677114616,0,2,300042,21.8724,,S,0,U
570,0,2,"Anderson, Mr. Joseph",male,46.54465953926092,1,0,405135,28.5438,,S,0,U
571,1,3,"Moore, Miss. Mary",female,53.95905284295507,0,0,191142,16.2832,,C,0,U
572,1,3,"Martin, Mr. William",male,25.27936607092358,0,0,596901,11.633,A21,C,0,A
573,1,2,"Moore, Miss. Emma",female,48.65059482659718,0,1,106707,14.8325,,S,0,U
574,1,3,"Martinez, Miss. Emma",female,28.607194141219725,1,0,383921,11.7814,,S,1,U
575,0,3,"Anderson, Mr. Joseph",male,46.5665333462042,0,0,57003,19.2542,,C,0,U
576,1,3,"Wilson, Mrs. Anna",female,29.751197085336457,0,0,582766,21.0815,,S,0,U
577,0,1,"Wilson, Dr. Joseph",male,16.20727836097713,2,0,417650,70.9107,,S,0,U
578,1,3,"Wilson, Lady. Florence",female,28.607194141219725,0,0,973750,33.2899,,S,1,U
579,1,3,"Thompson, Mrs. Anna",female,32.65039600313914,1,0,439865,13.7392,,S,0,U
580,1,2,"Jackson, Mr. Charles",male,37.47107193516442,5,0,593318,16.5304,,C,0,U
581,1,3,"Taylor, Mrs. Emma",female,28.607194141219725,1,0,718421,24.8054,D48,S,1,D
582,1,3,"Williams, Mrs. Ruth",female,30.51358613477809,1,1,405215,3.3064,,S,0,U
583,1,3,"Brown, Mr. Charles",male,25.40881311625697,0,0,155921,16.8403,C96,S,0,C
584,0,2,"Anderson, Mr. James",male,41.2151334930346,0,2,479655,19.272,,Q,0,U
585,1,3,"Thompson, Mrs. Anna",female,19.88282235670347,1,0,780448,24.5855,,C,0,U
586,1,2,"Harris, Mrs. Florence",female,0.5,0,1,516220,26.0492,,C,0,U
587,1,1,"Wilson, Mrs. Rose",female,29.67248832340482,0,2,849232,90.9551,,S,0,U
588,1,1,"Jones, Miss. Margaret",female,20.79704154595813,1,2,801877,117.1317,,S,0,U
589,0,1,"Thompson, Mr. William",male,21.54165355357804,0,1,683400,31.2209,,Q,0,U
590,1,1,"Thomas, Miss. Margaret",female,28.607194141219725,2,0,518524,132.341,,S,1,U
591,1,1,"Moore, Mr. Henry",male,22.493589667264143,1,0,991819,16.7707,,C,0,U
592,0,3,"Thompson, Mr. William",male,26.303471332078384,1,0,796678,15.868,,S,0,U
593,0,1,"Brown, Dr. George",male,15.141890556039256,1,0,41153,85.7807,,S,0,U
594,1,2,"Taylor, Mr. Henry",male,29.363490334193937,1,0,801644,2.3695,,S,0,U
595,0,3,"Martin, Mr. Joseph",male,36.620839183356935,1,1,144411,13.5515,,C,0,U
596,0,3,"Wilson, Mr. James",male,27.01139009600813,0,0,590526,15.2559,,C,0,U
597,1,3,"Thomas, Miss. Mary",female,19.408810091050896,0,0,422610,7.761,,S,0,U
598,0,1,"Johnson, Mr. William",male,18.700040238289294,1,2,326015,33.3789,,S,0,U
599,1,1,"Garcia, Col. John",male,44.04735869907916,1,0,897104,108.6089,,Q,0,U
600,0,1,"Miller, Mr. William",male,31.70540588084801,0,0,480938,102.1158,,S,0,U
601,0,1,"Miller, Mr. John",male,51.633600376566406,0,1,306751,95.341,,C,0,U
602,1,2,"Jackson, Mr. George",male,61.17037861808818,0,0,62055,20.0884,,S,0,U
603,0,1,"White, Mr. Charles",male,23.416589707754063,0,0,114509,55.6718,,S,0,U
604,0,1,"Davis, Mr. Robert",male,23.99310572337959,2,2,145467,166.79919000000012,,S,0,U
605,1,1,"Harris, Miss. Margaret",female,15.437007099513394,3,2,661666,69.0835,,S,0,U
606,0,3,"Miller, Mr. Arthur",male,28.607194141219725,0,1,418506,6.0791,,S,1,U
607,1,1,"Jones, Mr. John",male,48.56357958665126,0,0,97687,86.7214,,S,0,U
608,0,2,"Wilson, Mr. Henry",male,20.860681221622755,0,1,337222,18.1906,A62,S,0,A
609,1,3,"Miller, Mrs. Emma",female,14.62083016030287,1,0,406907,10.4279,,S,0,U
610,0,3,"Harris, Mr. Edward",male,28.09701794201926,0,0,410686,27.9942,,S,0,U
611,1,1,"White, Mr. Henry",male,38.65352743556824,1,0,931345,27.5126,,C,0,U
612,0,3,"White, Dr. Edward",male,51.132407707707664,0,0,112652,13.2995,,S,0,U
613,1,3,"Davis, Major. Henry",male,28.607194141219725,0,0,335341,4.4986,,S,1,U
614,0,1,"Garcia, Mr. John",male,6.621852666567772,0,0,590061,56.9488,C5,S,0,C
615,0,3,"Miller, Mr. Charles",male,40.4146234763241,0,0,945280,26.8889,,S,0,U
616,1,3,"Thomas, Mr. Arthur",male,28.607194141219725,0,0,529846,15.2516,D28,C,1,D
617,1,1,"Williams, Major. William",male,27.99637968250711,0,1,212668,97.4685,,S,0,U
618,0,2,"Harris, Mr. John",male,41.01843171620259,0,0,915375,10.6052,,C,0,U
619,1,3,"Williams, Mrs. Alice",female,36.26189259782768,1,0,561872,9.603,,S,0,U
620,1,3,"Martinez, Mrs. Alice",female,42.02093609881831,1,0,779189,27.585,F91,S,0,F
621,1,1,"Williams, Mrs. Ruth",female,23.73941704651601,1,0,407516,108.9681,,S,0,U
622,1,1,"Garcia, Miss. Florence",female,0.5,2,0,799770,67.0143,,C,0,U
623,1,2,"Harris, Mr. Arthur",male,39.77649142058683,0,0,72601,24.4061,E12,Q,0,E
624,0,3,"Williams, Rev. George",male,26.458676210839304,0,0,146559,15.1413,,S,0,U
625,0,3,"Taylor, Mr. Charles",male,51.18670789698016,0,2,46282,6.2845,,C,0,U
626,1,2,"Martinez, Mrs. Rose",female,28.607194141219725,1,0,236137,16.3119,,S,1,U
627,0,3,"Anderson, Miss. Emma",female,43.1682049116417,3,0,387591,31.0363,C17,C,0,C
628,0,3,"Anderson, Rev. Robert",male,44.93618123726456,0,0,630086,16.136,,S,0,U
629,1,1,"Jones, Miss. Alice",female,28.607194141219725,0,0,665251,5.5479,,S,1,U
630,1,2,"Martinez, Mr. James",male,26.93355459906531,0,0,905043,25.1021,C17,S,0,C
631,1,3,"Brown, Miss. Rose",female,33.442424270619775,1,0,169876,23.4247,,Q,0,U
632,0,3,"Miller, Mr. James",male,28.607194141219725,0,0,675275,5.765,,C,1,U
633,1,3,"Garcia, Mr. George",male,32.235068771710644,0,2,283302,9.3453,,Q,0,U
634,0,3,"Thomas, Mr. Joseph",male,37.99971742806292,0,0,215229,24.6302,,C,0,U
635,1,1,"Moore, Mr. Henry",male,40.98694217619865,1,0,20547,85.7456,,S,0,U
636,0,2,"Martinez, Mr. Robert",male,38.701305880622456,1,1,360857,18.5712,,Q,0,U
637,0,3,"Brown, Mr. Edward",male,25.342799472115587,0,0,274603,2.3115,F29,Q,0,F
638,1,2,"Thomas, Mrs. Anna",female,3.40524928370289,1,1,956272,30.7057,,S,0,U
639,0,2,"Harris, Mr. James",male,28.25801747651014,0,0,73146,18.1153,,S,0,U
640,0,2,"Garcia, Mr. Robert",male,22.033616928147293,1,0,375721,1.7098,,S,0,U
641,0,1,"Anderson, Mr. Edward",male,22.239268457613367,1,1,978374,5.3681,,Q,0,U
642,1,2,"Miller, Miss. Ruth",female,55.94419242852652,0,1,642049,14.3842,E67,C,0,E
643,1,1,"Jackson, Mr. George",male,19.612232006712773,0,1,375871,30.3579,,C,0,U
644,0,2,"Thompson, Mr. Charles",male,48.08289317464626,1,0,322604,10.8404,,Q,0,U
645,1,1,"Anderson, Mr. Edward",male,14.103466258657622,0,2,92970,166.79919000000012,,C,0,U
646,0,3,"Anderson, Mr. Edward",male,36.83067623103861,1,2,726177,18.6602,,C,0,U
647,1,3,"Wilson, Mrs. Mary",female,32.894631796218064,1,0,179319,7.6188,,S,0,U
648,0,3,"Martin, Mr. Robert",male,52.69717631616719,1,0,549707,10.4854,,S,0,U
649,0,3,"Martin, Dr. Edward",male,20.838373467640796,0,0,569865,12.2841,,S,0,U
650,1,3,"Martin, Mrs. Margaret",female,48.57321460106292,0,5,12921,1.1845,,S,0,U
651,1,1,"Moore, Major. Charles",male,28.36885470314225,0,0,932180,110.7193,,C,0,U
652,0,3,"Jones, Dr. Robert",male,53.30722560936633,0,0,489177,3.3311,,S,0,U
653,1,3,"Wilson, Rev. George",male,17.621781280787246,1,0,452900,21.7756,,S,0,U
654,1,3,"White, Mrs. Margaret",female,28.607194141219725,1,0,154535,24.5322,,S,1,U
655,0,2,"Thomas, Mr. Arthur",male,30.83674972322596,0,0,531317,43.5259,C62,S,0,C
656,1,1,"Martinez, Miss. Anna",female,19.22014789555725,1,0,690834,5.2835,,S,0,U
657,0,2,"Garcia, Mr. Arthur",male,15.806716943041918,0,2,837367,6.291,,S,0,U
658,0,2,"Johnson, Mr. James",male,41.87105042694569,0,0,659822,26.9267,A81,S,0,A
659,1,3,"Miller, Rev. Charles",male,15.497246209825612,3,1,470221,22.4614,F21,S,0,F
660,1,3,"Harris, Mrs. Emma",female,28.607194141219725,4,0,791160,19.4716,,S,1,U
661,1,2,"Jones, Mr. Edward",male,40.5375524140048,0,0,986100,30.7972,,S,0,U
662,0,3,"Wilson, Mrs. Ruth",female,23.559503781161357,2,0,82828,24.0146,E30,S,0,E
663,1,3,"Wilson, Mrs. Ruth",female,39.273509804946215,0,0,657937,14.618,,S,0,U
664,1,1,"Taylor, Mr. John",male,28.607194141219725,0,0,361206,73.3725,,S,1,U
665,0,1,"Brown, Mr. Charles",male,36.63507738895891,0,2,65152,15.5911,,S,0,U
666,1,1,"Jones, Mr. Charles",male,19.91123519372925,2,0,230073,69.0947,,C,0,U
667,0,2,"Garcia, Mr. Edward",male,51.26205693803512,0,0,368635,18.5511,,S,0,U
668,1,1,"Johnson, Miss. Alice",female,36.8428009267367,0,0,233393,36.5158,C77,S,0,C
669,1,1,"Miller, Miss. Ruth",female,28.607194141219725,0,0,96569,82.0888,,S,1,U
670,1,2,"Williams, Mr. Robert",male,42.09941060627917,1,6,868899,9.3762,E16,S,0,E
671,1,1,"Thompson, Mr. Arthur",male,22.000760466158123,0,0,980080,139.6666,,S,0,U
672,1,3,"Taylor, Mrs. Anna",female,41.085744298610095,0,0,994131,16.4066,,S,0,U
673,1,1,"Moore, Mr. Joseph",male,44.11205606010564,0,0,691132,61.0198,,S,0,U
674,0,3,"Martin, Miss. Ruth",female,23.08142552620304,0,0,419579,14.5107,,S,0,U
675,1,2,"Thompson, Dr. Robert",male,6.961703403414603,1,0,693850,8.9491,,S,0,U
676,0,3,"Davis, Miss. Ethel",female,28.656972456307848,0,0,462220,4.9705,,C,0,U
677,1,1,"Wilson, Mr. George",male,46.30416859682727,1,0,132537,52.3073,B51,S,0,B
678,1,2,"Garcia, Mr. Joseph",male,28.77841581543876,0,0,63806,18.0807,,Q,0,U
679,0,3,"Thomas, Mr. William",male,41.947900320889616,1,0,927764,14.1296,E32,S,0,E
680,0,3,"Davis, Mr. James",male,24.828585751108417,0,1,610280,14.1613,,S,0,U
681,0,3,"Martin, Mr. Charles",male,31.357582474651892,0,0,294464,2.4498,B50,S,0,B
682,0,2,"Wilson, Mrs. Mary",female,31.221233353677064,0,1,351115,19.1927,,C,0,U
683,1,1,"Thompson, Mrs. Emma",female,48.81687831310864,1,1,793140,43.0972,,S,0,U
684,0,3,"Jackson, Mr. Arthur",male,35.030236121200566,1,0,183217,14.2717,,S,0,U
685,0,3,"White, Mr. Charles",male,13.085496468961765,0,0,204760,37.6047,,S,0,U
686,1,3,"Davis, Rev. Henry",male,28.607194141219725,1,0,320725,6.6108,,S,1,U
687,0,3,"Miller, Dr. George",male,34.402712614767665,0,0,890077,7.0548,,C,0,U
688,0,2,"Williams, Mr. Henry",male,55.7334099114629,0,0,555042,6.5356,,S,0,U
689,0,3,"Johnson, Dr. Henry",male,13.654520985622256,0,0,79837,4.5401,,S,0,U
690,1,1,"Wilson, Mr. Joseph",male,37.28774280825398,1,0,672567,74.5664,,S,0,U
691,0,2,"Miller, Mr. William",male,38.822082869990055,1,2,955424,33.5181,,S,0,U
692,1,2,"Taylor, Mr. John",male,3.7259377704416856,0,0,228811,18.0565,,S,0,U
693,0,3,"Jones, Mr. Joseph",male,35.747448201729526,0,0,920178,10.4115,,S,0,U
694,1,2,"Moore, Mrs. Alice",female,28.61396519987609,0,0,649068,32.0027,,S,0,U
695,0,1,"Davis, Mr. Charles",male,28.607194141219725,0,0,621369,57.7802,,Q,1,U
696,1,3,"Jackson, Miss. Rose",female,58.394148254682285,0,0,820448,13.1692,,S,0,U
697,0,2,"Garcia, Mr. Charles",male,28.607194141219725,0,0,332666,10.7843,,Q,1,U
698,1,3,"Jackson, Mr. Charles",male,28.607194141219725,0,1,527447,26.4811,,S,1,U
699,1,1,"Smith, Miss. Mary",female,36.017894211248745,0,1,917328,136.4255,,S,0,U
700,1,3,"Wilson, Ms. Margaret",female,28.607194141219725,0,0,981572,11.7761,D63,S,1,D
701,1,3,"White, Miss. Rose",female,28.74004347132009,0,0,122099,9.8045,,C,0,U
702,0,1,"Harris, Dr. Robert",male,20.13248960602824,0,0,685462,82.408,D95,S,0,D
703,1,2,"Jones, Mr. Joseph",male,61.17037861808818,1,0,900861,18.6162,,S,0,U
704,1,1,"Martin, Miss. Helen",female,24.4117055687776,0,0,798356,6.659,,S,0,U
705,1,1,"Garcia, Mr. Robert",male,13.897591155598572,0,0,95015,138.1334,,C,0,U
706,0,3,"Jackson, Mr. James",male,34.85290675192174,0,0,639275,11.1829,C52,S,0,C
707,0,2,"Jackson, Mr. George",male,50.41235385790055,0,0,588621,38.9834,,S,0,U
708,0,3,"Martin, Mr. Edward",male,9.053211842935976,0,0,749818,16.3745,,S,0,U
709,1,2,"Martinez, Miss. Ethel",female,18.763108968759298,0,2,187171,5.2109,B31,C,0,B
710,0,3,"Taylor, Mr. George",male,31.73701816007291,0,0,722706,2.747,,Q,0,U
711,0,3,"Smith, Dr. Joseph",male,12.15709964501368,2,4,660660,4.1684,,S,0,U
712,0,3,"Harris, Mr. William",male,35.313704264571214,0,0,740841,2.6476,B55,S,0,B
713,1,3,"Anderson, Mr. Joseph",male,45.62744946725376,0,0,977566,0.71662,,C,0,U
714,1,2,"Harris, Mr. Joseph",male,28.607194141219725,1,0,403522,22.5257,,C,1,U
715,0,2,"Wilson, Mr. John",male,28.607194141219725,0,0,360639,16.8391,,S,1,U
716,0,3,"Anderson, Mr. William",male,28.607194141219725,1,1,604055,18.9243,A29,Q,1,A
717,1,3,"Anderson, Miss. Mary",female,28.607194141219725,0,0,114332,12.6952,A17,S,1,A
718,0,3,"Smith, Mr. George",male,28.607194141219725,2,4,677567,11.0775,,S,1,U
719,0,1,"Wilson, Rev. Henry",male,28.607194141219725,0,0,835858,166.79919000000012,,C,1,U
720,1,3,"Garcia, Mrs. Emma",female,39.292619550624295,0,1,540624,14.7826,,S,0,U
721,1,3,"Wilson, Miss. Emma",female,6.11651897055318,1,1,384344,12.3559,,Q,0,U
722,0,1,"Martinez, Mr. John",male,28.607194141219725,0,0,740526,41.328,,S,1,U
723,1,1,"Martinez, Mr. Edward",male,28.22367000256928,0,0,289400,25.2043,B76,S,0,B
724,1,3,"Martinez, Mr. John",male,18.436221507628773,1,0,764805,19.164,,C,0,U
725,0,3,"Miller, Miss. Helen",female,28.607194141219725,0,0,190889,18.6856,D51,S,1,D
726,1,3,"Johnson, Miss. Alice",female,18.32071297489062,0,0,509920,25.5726,C12,S,0,C
727,1,1,"Martinez, Miss. Helen",female,22.613155397832607,0,2,305863,107.9456,,C,0,U
728,0,3,"Thompson, Mr. Arthur",male,6.170198108462568,0,0,838449,9.8552,,S,0,U
729,1,1,"Jackson, Mrs. Mary",female,17.61403147305606,1,3,55704,109.5505,A42,S,0,A
730,0,1,"Moore, Mr. William",male,27.27452672698804,4,1,826445,79.985,,C,0,U
731,1,1,"Williams, Mr. Edward",male,30.064415219359947,0,0,352135,127.2693,,S,0,U
732,1,3,"Smith, Mr. Edward",male,28.607194141219725,0,2,866690,23.6747,,Q,1,U
733,1,3,"Smith, Ms. Ruth",female,33.08222777765195,0,0,350492,11.6515,D87,S,0,D
734,0,3,"Martin, Mr. Henry",male,17.976621809110355,0,1,236884,27.0585,,S,0,U
735,1,2,"Thomas, Mrs. Ruth",female,28.607194141219725,2,0,177848,31.8835,B82,S,1,B
736,1,3,"Thomas, Mr. Robert",male,22.354445961660023,0,0,282204,13.1415,,Q,0,U
737,0,2,"White, Mr. James",male,38.35607053503968,0,0,481808,26.7074,,S,0,U
738,0,3,"Williams, Mr. Henry",male,26.74773708769363,1,0,934159,15.444,,S,0,U
739,1,2,"Taylor, Dr. Charles",male,30.409520715826257,1,0,753470,20.2199,A78,S,0,A
740,1,2,"Wilson, Miss. Emma",female,28.607194141219725,0,0,322067,39.1315,E26,S,1,E
741,0,3,"Jones, Mr. John",male,28.514326782029357,0,0,88563,17.1408,,S,0,U
742,0,2,"Harris, Miss. Ethel",female,18.986960307340816,0,2,669390,11.5903,,Q,0,U
743,1,3,"Thomas, Mrs. Anna",female,28.607194141219725,3,0,99779,4.7762,,C,1,U
744,1,3,"Garcia, Miss. Margaret",female,14.830616348903108,0,0,698649,5.1032,,S,0,U
745,0,1,"Brown, Mr. Robert",male,28.60042308256336,0,0,947243,108.4752,,S,0,U
746,0,3,"Martin, Mr. Joseph",male,28.607194141219725,0,1,109704,10.2679,,S,1,U
747,0,2,"Johnson, Mr. Arthur",male,19.35414520264077,0,2,271757,23.3329,,S,0,U
748,1,3,"Thompson, Miss. Alice",female,24.695993415291955,0,0,925589,20.4912,D82,C,0,D
749,1,3,"Smith, Mrs. Rose",female,28.607194141219725,2,0,120234,29.2297,,C,1,U
750,0,3,"White, Mr. Joseph",male,21.461389319793085,1,0,333831,10.4522,,C,0,U
751,1,1,"Jones, Mrs. Margaret",female,28.607194141219725,4,0,46491,13.5725,,S,1,U
752,1,3,"Brown, Mr. George",male,30.40307139233874,0,2,760909,27.3392,,S,0,U
753,0,3,"Williams, Mr. Robert",male,31.654967879627115,1,0,868547,1.3432,,S,0,U
754,0,2,"Williams, Mr. Arthur",male,20.561332155264825,1,2,914367,5.0357,,S,0,U
755,1,1,"Thompson, Mrs. Alice",female,9.142852947766844,0,0,355922,166.79919000000012,,S,0,U
756,0,3,"Jackson, Mr. George",male,27.02389920816005,0,3,932285,21.5299,,C,0,U
757,0,3,"Jackson, Miss. Alice",female,22.2156808039918,0,0,30448,16.8787,B19,C,0,B
758,0,3,"Moore, Miss. Anna",female,16.280563610375975,1,2,514393,12.6006,,Q,0,U
759,0,3,"Smith, Miss. Emma",female,28.607194141219725,0,2,323694,11.0864,,C,1,U
760,0,3,"Anderson, Mr. Robert",male,22.271187975116376,2,2,583582,7.7934,F22,S,0,F
761,1,1,"Jackson, Mr. Henry",male,53.584116444236585,0,0,293590,69.8478,,S,0,U
762,0,2,"Moore, Mr. Arthur",male,55.8145816880273,1,0,348723,19.5258,,S,0,U
763,1,2,"Harris, Mr. Charles",male,12.706073073272158,0,0,750749,6.2555,,S,0,U
764,0,3,"Thomas, Mr. Henry",male,14.289854669666038,1,0,911111,6.4382,,S,0,U
765,1,1,"Wilson, Lady. Mary",female,3.80648091868251,0,0,95615,21.5959,,S,0,U
766,0,3,"Smith, Mr. Arthur",male,18.5754694644802,2,0,27101,13.6234,B41,S,0,B
767,0,3,"Taylor, Mr. John",male,33.04383205961399,0,0,993682,13.6248,,S,0,U
768,0,3,"Miller, Dr. Edward",male,25.427271152802057,0,0,300160,27.2281,E58,S,0,E
769,0,2,"Harris, Mr. Henry",male,33.927452767773616,0,0,684292,23.7555,,S,0,U
770,0,3,"Jackson, Mr. John",male,44.225309303057536,0,0,447869,8.5517,,S,0,U
771,1,1,"Martin, Mr. Henry",male,28.607194141219725,0,0,624769,73.9822,,S,1,U
772,1,3,"Williams, Mrs. Ruth",female,28.607194141219725,0,0,587090,16.8946,,S,1,U
773,0,1,"Harris, Mr. John",male,19.798866199517523,1,0,803981,95.3806,,C,0,U
774,1,2,"Williams, Mrs. Alice",female,29.272878588912345,0,0,220005,25.7829,,S,0,U
775,1,3,"Thompson, Mrs. Anna",female,16.312836780004083,0,2,690722,16.0164,,S,0,U
776,1,1,"Harris, Mr. Charles",male,28.416875297592707,0,6,582130,71.3678,,S,0,U
777,1,1,"Miller, Mrs. Anna",female,38.5294385735826,0,4,56539,57.2103,,Q,0,U
778,0,3,"Garcia, Mr. Joseph",male,13.831876284555833,2,1,568005,8.2835,,S,0,U
779,0,3,"White, Miss. Margaret",female,28.607194141219725,0,0,982100,5.5978,C99,C,1,C
780,0,3,"Thomas, Mr. William",male,29.57436126857302,2,0,780569,4.343,,Q,0,U
781,0,3,"Anderson, Mrs. Emma",female,39.46747903698159,0,0,426232,27.7077,,C,0,U
782,1,3,"Thompson, Miss. Florence",female,28.607194141219725,0,0,196272,13.9977,,S,1,U
783,1,2,"Brown, Miss. Rose",female,16.851621536100126,1,0,483484,18.447,,S,0,U
784,1,2,"Martin, Mrs. Ruth",female,28.607194141219725,1,0,463503,15.0412,D6,S,1,D
785,1,1,"Thompson, Dr. James",male,32.69584328345676,0,0,125042,105.444,C40,S,0,C
786,0,3,"Smith, Mr. Charles",male,46.02663456033216,0,0,137922,22.6293,,S,0,U
787,0,3,"Jackson, Mr. George",male,16.833555942999396,1,1,102447,18.7861,,Q,0,U
788,0,2,"Martin, Mr. Charles",male,30.48474634262945,0,0,355546,29.2159,,C,0,U
789,0,3,"Wilson, Mrs. Florence",female,39.63080285169571,0,0,314751,8.3078,,S,0,U
790,0,3,"Jackson, Mr. James",male,7.139710261134788,0,0,168693,12.967,,S,0,U
791,1,1,"Williams, Mrs. Ruth",female,28.607194141219725,0,0,22823,55.3311,,Q,1,U
792,1,3,"Harris, Mr. Joseph",male,22.438556689617016,5,0,39986,13.8563,B89,S,0,B
793,1,3,"Davis, Mrs. Ruth",female,24.41993053536504,0,2,655970,23.1807,,S,0,U
794,0,3,"Davis, Rev. William",male,39.93698006817164,0,0,598613,16.5152,B48,S,0,B
795,1,1,"Davis, Miss. Ethel",female,30.44703254511474,1,0,520119,165.3357,A64,C,0,A
796,1,3,"Martin, Mrs. Rose",female,28.607194141219725,0,0,400069,10.6918,,S,1,U
797,1,3,"Miller, Mr. George",male,22.982554064731296,0,0,260476,6.5443,,C,0,U
798,0,3,"Davis, Mr. Robert",male,49.972301724542525,0,1,67771,17.097,,S,0,U
799,0,3,"Jones, Mrs. Ruth",female,20.2764968036562,0,0,64973,13.9509,,S,0,U
800,0,3,"White, Mr. Robert",male,41.76446778618788,0,0,680050,15.5816,,S,0,U
801,0,3,"Miller, Mr. James",male,28.607194141219725,0,2,835539,14.3858,E71,S,1,E
802,1,1,"Harris, Mr. Joseph",male,41.32762495538688,0,1,592176,59.7783,,S,0,U
803,0,3,"Jones, Dr. Henry",male,28.607194141219725,0,0,545244,14.5659,,S,1,U
804,0,3,"Martin, Dr. William",male,19.254836945255903,0,0,96839,20.787,E74,C,0,E
805,1,2,"Taylor, Mr. John",male,40.691768021872655,0,0,983731,30.7611,,S,0,U
806,0,3,"Brown, Mr. John",male,45.78323614623778,0,0,177605,9.0839,,C,0,U
807,0,3,"Moore, Mr. Henry",male,17.20006164884701,2,0,526754,14.848,,Q,0,U
808,1,3,"Miller, Mrs. Mary",female,28.607194141219725,0,1,983738,24.8169,D64,C,1,D
809,1,3,"Martin, Mr. Arthur",male,28.607194141219725,1,0,111131,9.2569,,Q,1,U
810,1,1,"Williams, Lady. Margaret",female,47.87607693257862,0,1,339738,51.5277,,S,0,U
811,0,3,"White, Mr. John",male,37.88389637235564,1,0,722261,19.3552,A39,S,0,A
812,0,3,"Moore, Mr. Arthur",male,11.462784381877588,2,0,545807,17.9517,,Q,0,U
813,1,1,"Martinez, Dr. George",male,28.698240917746983,0,0,696475,42.1512,,C,0,U
814,0,3,"Harris, Mr. Robert",male,26.55769741949392,0,2,993770,1.8043,,C,0,U
815,0,3,"Johnson, Mr. Joseph",male,13.57422621594498,0,1,11832,14.6924,,S,0,U
816,1,3,"Taylor, Dr. Joseph",male,28.53291316347381,0,0,968872,9.6512,,S,0,U
817,1,3,"White, Mr. Robert",male,25.93947584551079,0,0,491641,0.71662,,S,0,U
818,1,2,"Moore, Mr. William",male,24.93714466935977,1,0,648210,13.128,,C,0,U
819,1,1,"Martin, Mrs. Emma",female,26.0274611405334,0,2,115474,114.1305,,S,0,U
820,0,2,"Anderson, Mr. George",male,50.59950967688325,0,1,604003,18.4859,B67,S,0,B
821,0,3,"Jackson, Mr. John",male,24.908156374592785,0,0,868267,25.5288,,S,0,U
822,0,1,"Johnson, Ms. Rose",female,38.409950547614685,0,0,607654,20.3619,D77,S,0,D
823,0,2,"Garcia, Mr. John",male,29.177294028125797,1,0,47570,33.3799,,S,0,U
824,1,2,"Martinez, Mr. George",male,22.929764094857298,1,0,491193,16.561,,C,0,U
825,0,3,"Martin, Mrs. Rose",female,38.80455997392076,0,0,671975,9.0926,D13,C,0,D
826,1,3,"Thomas, Mr. Charles",male,30.914908345368687,0,0,999802,0.71662,D92,S,0,D
827,1,2,"Davis, Mrs. Rose",female,22.647619444977305,0,1,48311,24.6508,,S,0,U
828,1,2,"Harris, Mrs. Margaret",female,41.439469888112114,1,0,362389,1.7324,,Q,0,U
829,0,3,"Harris, Mr. Edward",male,27.114256898463022,0,3,637475,19.5432,,S,0,U
830,0,3,"Thomas, Mr. John",male,40.644506254898005,1,0,819866,0.8931,B52,C,0,B
831,0,1,"Thompson, Mr. George",male,28.607194141219725,1,0,96879,16.2147,,S,1,U
832,0,3,"Wilson, Rev. Charles",male,32.26494677641762,0,0,550027,3.4703,,S,0,U
833,0,1,"Harris, Dr. Robert",male,32.33851801016897,1,0,76202,48.2025,B53,S,0,B
834,1,1,"Martin, Mrs. Margaret",female,1.0601950797582944,0,0,108580,131.1038,,C,0,U
835,0,3,"Jackson, Dr. George",male,28.607194141219725,2,0,758779,25.0317,E43,S,1,E
836,0,2,"Williams, Mr. Charles",male,27.561891463510914,0,0,89599,13.8741,,S,0,U
837,1,3,"Martinez, Mrs. Alice",female,0.5,0,0,699009,12.6275,,S,0,U
838,0,2,"Jones, Miss. Florence",female,21.36091802437306,0,0,765724,24.8992,,S,0,U
839,0,3,"Miller, Mr. James",male,44.24760977830903,1,0,974949,10.3655,,S,0,U
840,0,3,"Martin, Mr. Henry",male,28.607194141219725,0,0,651058,16.6061,,S,1,U
841,0,1,"Brown, Mr. William",male,39.09110558072537,0,0,311614,83.796,A15,S,0,A
842,1,3,"Johnson, Mr. Henry",male,28.607194141219725,0,1,347109,10.9723,,S,1,U
843,0,1,"Brown, Dr. Charles",male,28.607194141219725,0,0,397476,13.0092,,S,1,U
844,0,3,"Harris, Mr. Robert",male,28.607194141219725,0,2,713981,14.1923,F54,S,1,F
845,1,1,"Martinez, Mrs. Helen",female,31.652523175146285,1,0,401825,131.9188,,S,0,U
846,0,2,"Harris, Mr. Charles",male,14.749100047803008,0,0,960430,12.2172,,S,0,U
847,0,1,"Moore, Mr. James",male,46.97022163970463,0,0,795339,14.4135,,S,0,U
848,1,3,"Garcia, Mr. Robert",male,23.09597201944192,0,1,648588,10.4436,,S,0,U
849,1,3,"Anderson, Mr. Arthur",male,44.76802696895241,0,1,310141,25.0782,,S,0,U
850,0,3,"Brown, Mrs. Anna",female,61.17037861808818,0,0,201012,22.6956,C29,S,0,C
851,1,1,"Jackson, Lady. Rose",female,36.14573239994664,0,0,706084,54.9769,,S,0,U
852,0,3,"Davis, Mrs. Rose",female,19.306227723491915,0,0,894237,16.6441,,S,0,U
853,0,1,"Williams, Mr. William",male,21.765839002171496,0,0,172776,114.6773,,S,0,U
854,0,3,"Johnson, Mr. Arthur",male,49.85534296068806,4,0,394346,24.9227,,C,0,U
855,1,1,"Johnson, Mr. Edward",male,14.821058883082626,0,0,431607,6.4709,,S,0,U
856,1,1,"Thompson, Mr. Robert",male,28.607194141219725,0,0,990795,30.5586,D87,S,1,D
857,1,1,"Anderson, Mr. Robert",male,18.231496015424987,1,1,776230,16.4878,,S,0,U
858,0,3,"Brown, Miss. Anna",female,6.802756370785048,1,0,12526,7.5727,,S,0,U
859,0,3,"Thomas, Mr. John",male,27.96648188043016,0,0,952190,21.5304,,Q,0,U
860,0,1,"Anderson, Major. John",male,25.5121658446334,0,0,869771,56.014,,S,0,U
861,0,3,"Harris, Mr. Arthur",male,12.200109120248095,1,0,278718,2.5345,,S,0,U
862,1,3,"Davis, Mr. Edward",male,28.607194141219725,0,0,280877,14.8131,,S,1,U
863,0,3,"Brown, Mr. Arthur",male,13.783996050875938,0,0,322434,15.019,A81,S,0,A
864,1,2,"Anderson, Lady. Emma",female,15.245651718653438,0,0,344937,9.8295,D70,S,0,D
865,1,2,"Thomas, Mrs. Mary",female,17.2060930842053,0,2,46051,14.9395,B96,S,0,B
866,1,3,"Johnson, Miss. Anna",female,45.4761367038337,0,1,25909,14.2046,,C,0,U
867,0,1,"Miller, Mr. Arthur",male,53.58087922574973,1,0,492898,121.2993,,S,0,U
868,1,1,"Taylor, Mr. Edward",male,44.00030401129951,0,0,87338,51.5564,,S,0,U
869,0,3,"Moore, Mr. George",male,53.76405053871478,0,0,869864,6.6562,,S,0,U
870,0,3,"Martin, Mr. Joseph",male,20.46763933688942,0,0,530551,28.3004,,S,0,U
871,1,2,"Garcia, Mrs. Ethel",female,23.753384140147567,0,0,300277,17.2597,,S,0,U
872,1,2,"Martin, Mr. Arthur",male,0.5,1,0,716931,22.4943,,S,0,U
873,0,3,"Johnson, Mr. Joseph",male,26.054766670385863,0,0,613350,18.1869,,S,0,U
874,1,2,"Thomas, Mr. Arthur",male,31.37897687234553,2,1,191980,2.1311,,S,0,U
875,0,1,"Johnson, Mr. Robert",male,32.15667308782481,0,0,414494,83.0737,,Q,0,U
876,1,1,"Johnson, Mrs. Florence",female,38.2351925734048,0,1,383690,1.7142,,S,0,U
877,0,3,"Johnson, Mr. James",male,30.93229600452335,1,0,585746,11.9538,,S,0,U
878,1,3,"Harris, Dr. Charles",male,0.5,0,0,991769,23.985,,S,0,U
879,0,1,"Davis, Mr. Arthur",male,33.58710570514769,0,0,984286,34.0766,,S,0,U
880,0,1,"White, Mr. James",male,36.76815848702054,1,0,851847,0.71662,C55,S,0,C
881,1,1,"White, Miss. Rose",female,27.18599435803201,0,0,756447,166.79919000000012,,S,0,U
882,0,3,"Thomas, Mrs. Helen",female,21.835646257984067,1,0,850592,3.8235,F55,S,0,F
883,1,1,"Brown, Lady. Helen",female,30.459642945165054,4,0,326543,9.0711,,S,0,U
884,1,1,"White, Miss. Florence",female,7.278471512297109,0,0,821730,164.9516,,C,0,U
885,0,3,"Smith, Mr. Charles",male,28.607194141219725,0,0,241946,3.5082,,S,1,U
886,1,1,"Garcia, Miss. Margaret",female,0.5,0,2,687551,166.2457,,S,0,U
887,1,3,"Jackson, Mr. George",male,28.607194141219725,0,0,460180,15.1927,,S,1,U
888,1,1,"Brown, Mr. William",male,29.516694802361645,1,0,174164,148.1979,,C,0,U
889,1,1,"White, Mrs. Helen",female,28.607194141219725,1,0,99407,93.3033,,S,1,U
890,1,2,"Thomas, Mr. Robert",male,48.474899271412056,0,0,216329,30.797,,S,0,U
891,1,3,"White, Mrs. Mary",female,28.607194141219725,0,0,507165,5.6524,,C,1,U
